algorithm,dimension,run,checkpoint,error
bfgs,3658,0,0.01,"[(0.4105714285714286, 1.3349147869224358, 0.3444511890411377)]"
bfgs,3658,0,0.1,"[(0.37835714285714284, 1.3220271305235876, 0.5813941955566406)]"
bfgs,3658,0,0.2,"[(0.37835714285714284, 1.3220271305235876, 0.5814023017883301)]"
bfgs,3658,0,0.3,"[(0.37835714285714284, 1.3220271305235876, 0.5814049243927002)]"
bfgs,3658,0,0.4,"[(0.37835714285714284, 1.3220271305235876, 0.5814087390899658)]"
bfgs,3658,0,0.5,"[(0.37835714285714284, 1.3220271305235876, 0.5814118385314941)]"
bfgs,3658,0,0.6,"[(0.37835714285714284, 1.3220271305235876, 0.5814175605773926)]"
bfgs,3658,0,0.7,"[(0.37835714285714284, 1.3220271305235876, 0.5814235210418701)]"
bfgs,3658,0,0.8,"[(0.37835714285714284, 1.3220271305235876, 0.581430196762085)]"
bfgs,3658,0,0.9,"[(0.37835714285714284, 1.3220271305235876, 0.5814337730407715)]"
bfgs,3658,0,1.0,"[(0.37835714285714284, 1.3220271305235876, 0.5814383029937744)]"
bfgs,3658,1,0.01,"[(0.5697857142857143, 1.7618914274768138, 0.22684931755065918)]"
bfgs,3658,1,0.1,"[(0.5461428571428572, 1.7169081647594984, 0.30716943740844727)]"
bfgs,3658,1,0.2,"[(0.5461428571428572, 1.7169081647594984, 0.3071749210357666)]"
bfgs,3658,1,0.3,"[(0.5461428571428572, 1.7169081647594984, 0.30718016624450684)]"
bfgs,3658,1,0.4,"[(0.5461428571428572, 1.7169081647594984, 0.3071863651275635)]"
bfgs,3658,1,0.5,"[(0.5461428571428572, 1.7169081647594984, 0.3071925640106201)]"
bfgs,3658,1,0.6,"[(0.5461428571428572, 1.7169081647594984, 0.30719876289367676)]"
bfgs,3658,1,0.7,"[(0.5461428571428572, 1.7169081647594984, 0.307204008102417)]"
bfgs,3658,1,0.8,"[(0.5461428571428572, 1.7169081647594984, 0.3072078227996826)]"
bfgs,3658,1,0.9,"[(0.5461428571428572, 1.7169081647594984, 0.30721354484558105)]"
bfgs,3658,1,1.0,"[(0.5461428571428572, 1.7169081647594984, 0.30721616744995117)]"
bfgs,3658,2,0.01,"[(0.4763571428571428, 1.5612122158219899, 1.2407011985778809)]"
bfgs,3658,2,0.1,"[(0.44999999999999996, 1.5252309067527692, 1.8356187343597412)]"
bfgs,3658,2,0.2,"[(0.44999999999999996, 1.5252309067527692, 1.8356268405914307)]"
bfgs,3658,2,0.3,"[(0.44999999999999996, 1.5252309067527692, 1.835630178451538)]"
bfgs,3658,2,0.4,"[(0.44999999999999996, 1.5252309067527692, 1.835634708404541)]"
bfgs,3658,2,0.5,"[(0.44999999999999996, 1.5252309067527692, 1.8356380462646484)]"
bfgs,3658,2,0.6,"[(0.44999999999999996, 1.5252309067527692, 1.8356447219848633)]"
bfgs,3658,2,0.7,"[(0.44999999999999996, 1.5252309067527692, 1.83565092086792)]"
bfgs,3658,2,0.8,"[(0.44999999999999996, 1.5252309067527692, 1.8356552124023438)]"
bfgs,3658,2,0.9,"[(0.44999999999999996, 1.5252309067527692, 1.8356592655181885)]"
bfgs,3658,2,1.0,"[(0.44999999999999996, 1.5252309067527692, 1.8356642723083496)]"
bfgs,3658,3,0.01,"[(0.6489285714285714, 1.6865447535999707, 1.2354106903076172)]"
bfgs,3658,3,0.1,"[(0.595, 1.6274670586425173, 2.039915084838867)]"
bfgs,3658,3,0.2,"[(0.595, 1.6274670586425173, 2.0399231910705566)]"
bfgs,3658,3,0.3,"[(0.595, 1.6274670586425173, 2.0399270057678223)]"
bfgs,3658,3,0.4,"[(0.595, 1.6274670586425173, 2.0399303436279297)]"
bfgs,3658,3,0.5,"[(0.595, 1.6274670586425173, 2.0399370193481445)]"
bfgs,3658,3,0.6,"[(0.595, 1.6274670586425173, 2.0399436950683594)]"
bfgs,3658,3,0.7,"[(0.595, 1.6274670586425173, 2.039947509765625)]"
bfgs,3658,3,0.8,"[(0.595, 1.6274670586425173, 2.0399534702301025)]"
bfgs,3658,3,0.9,"[(0.595, 1.6274670586425173, 2.03995943069458)]"
bfgs,3658,3,1.0,"[(0.595, 1.6274670586425173, 2.0399632453918457)]"
bfgs,3658,4,0.01,"[(0.5022857142857142, 1.4614007285043933, 1.7939457893371582)]"
bfgs,3658,4,0.1,"[(0.4245, 1.4038395791943248, 2.4625186920166016)]"
bfgs,3658,4,0.2,"[(0.4245, 1.4038395791943248, 2.4625244140625)]"
bfgs,3658,4,0.3,"[(0.4245, 1.4038395791943248, 2.4625303745269775)]"
bfgs,3658,4,0.4,"[(0.4245, 1.4038395791943248, 2.462536334991455)]"
bfgs,3658,4,0.5,"[(0.4245, 1.4038395791943248, 2.462542772293091)]"
bfgs,3658,4,0.6,"[(0.4245, 1.4038395791943248, 2.46254825592041)]"
bfgs,3658,4,0.7,"[(0.4245, 1.4038395791943248, 2.4625539779663086)]"
bfgs,3658,4,0.8,"[(0.4245, 1.4038395791943248, 2.462559938430786)]"
bfgs,3658,4,0.9,"[(0.4245, 1.4038395791943248, 2.4625773429870605)]"
bfgs,3658,4,1.0,"[(0.4245, 1.4038395791943248, 2.46258282661438)]"
bfgs,3658,5,0.01,"[(0.4315714285714286, 1.2964615598929814, 2.1246137619018555)]"
bfgs,3658,5,0.1,"[(0.3880714285714286, 1.2714776702413453, 3.5486881732940674)]"
bfgs,3658,5,0.2,"[(0.3880714285714286, 1.2714776702413453, 3.548712968826294)]"
bfgs,3658,5,0.3,"[(0.3880714285714286, 1.2714776702413453, 3.5487163066864014)]"
bfgs,3658,5,0.4,"[(0.3880714285714286, 1.2714776702413453, 3.548737049102783)]"
bfgs,3658,5,0.5,"[(0.3880714285714286, 1.2714776702413453, 3.54875111579895)]"
bfgs,3658,5,0.6,"[(0.3880714285714286, 1.2714776702413453, 3.5487558841705322)]"
bfgs,3658,5,0.7,"[(0.3880714285714286, 1.2714776702413453, 3.5487630367279053)]"
bfgs,3658,5,0.8,"[(0.3880714285714286, 1.2714776702413453, 3.54878306388855)]"
bfgs,3658,5,0.9,"[(0.3880714285714286, 1.2714776702413453, 3.5487864017486572)]"
bfgs,3658,5,1.0,"[(0.3880714285714286, 1.2714776702413453, 3.5487923622131348)]"
bfgs,3658,6,0.01,"[(0.4275, 1.4719912869396299, 2.8498117923736572)]"
bfgs,3658,6,0.1,"[(0.4040714285714285, 1.4280312211615565, 4.20198917388916)]"
bfgs,3658,6,0.2,"[(0.4040714285714285, 1.4280312211615565, 4.201997756958008)]"
bfgs,3658,6,0.3,"[(0.4040714285714285, 1.4280312211615565, 4.202004909515381)]"
bfgs,3658,6,0.4,"[(0.4040714285714285, 1.4280312211615565, 4.20201849937439)]"
bfgs,3658,6,0.5,"[(0.4040714285714285, 1.4280312211615565, 4.20203161239624)]"
bfgs,3658,6,0.6,"[(0.4040714285714285, 1.4280312211615565, 4.202077388763428)]"
bfgs,3658,6,0.7,"[(0.4040714285714285, 1.4280312211615565, 4.202084541320801)]"
bfgs,3658,6,0.8,"[(0.4040714285714285, 1.4280312211615565, 4.202089548110962)]"
bfgs,3658,6,0.9,"[(0.4040714285714285, 1.4280312211615565, 4.202097654342651)]"
bfgs,3658,6,1.0,"[(0.4040714285714285, 1.4280312211615565, 4.202100992202759)]"
bfgs,3658,7,0.01,"[(0.494, 1.4222191423742883, 1.6435441970825195)]"
bfgs,3658,7,0.1,"[(0.4703571428571428, 1.4732641093112016, 2.8393404483795166)]"
bfgs,3658,7,0.2,"[(0.4703571428571428, 1.4732641093112016, 2.8393454551696777)]"
bfgs,3658,7,0.3,"[(0.4703571428571428, 1.4732641093112016, 2.839351177215576)]"
bfgs,3658,7,0.4,"[(0.4703571428571428, 1.4732641093112016, 2.839357852935791)]"
bfgs,3658,7,0.5,"[(0.4703571428571428, 1.4732641093112016, 2.8393642902374268)]"
bfgs,3658,7,0.6,"[(0.4703571428571428, 1.4732641093112016, 2.8393702507019043)]"
bfgs,3658,7,0.7,"[(0.4703571428571428, 1.4732641093112016, 2.839376211166382)]"
bfgs,3658,7,0.8,"[(0.4703571428571428, 1.4732641093112016, 2.8393821716308594)]"
bfgs,3658,7,0.9,"[(0.4703571428571428, 1.4732641093112016, 2.839387893676758)]"
bfgs,3658,7,1.0,"[(0.4703571428571428, 1.4732641093112016, 2.8393924236297607)]"
bfgs,3658,8,0.01,"[(0.488, 1.5613131955750659, 2.49299955368042)]"
bfgs,3658,8,0.1,"[(0.4516428571428571, 1.588301276988855, 4.046297073364258)]"
bfgs,3658,8,0.2,"[(0.4516428571428571, 1.588301276988855, 4.046316623687744)]"
bfgs,3658,8,0.3,"[(0.4516428571428571, 1.588301276988855, 4.046319484710693)]"
bfgs,3658,8,0.4,"[(0.4516428571428571, 1.588301276988855, 4.04632568359375)]"
bfgs,3658,8,0.5,"[(0.4516428571428571, 1.588301276988855, 4.046340227127075)]"
bfgs,3658,8,0.6,"[(0.4516428571428571, 1.588301276988855, 4.0463457107543945)]"
bfgs,3658,8,0.7,"[(0.4516428571428571, 1.588301276988855, 4.046351194381714)]"
bfgs,3658,8,0.8,"[(0.4516428571428571, 1.588301276988855, 4.046356439590454)]"
bfgs,3658,8,0.9,"[(0.4516428571428571, 1.588301276988855, 4.0463645458221436)]"
bfgs,3658,8,1.0,"[(0.4516428571428571, 1.588301276988855, 4.046368837356567)]"
bfgs,3658,9,0.01,"[(0.6063571428571428, 1.716583820608565, 2.9567954540252686)]"
bfgs,3658,9,0.1,"[(0.5409285714285714, 1.6291741609000503, 4.326321363449097)]"
bfgs,3658,9,0.2,"[(0.5409285714285714, 1.6291741609000503, 4.326328992843628)]"
bfgs,3658,9,0.3,"[(0.5409285714285714, 1.6291741609000503, 4.326333999633789)]"
bfgs,3658,9,0.4,"[(0.5409285714285714, 1.6291741609000503, 4.326336860656738)]"
bfgs,3658,9,0.5,"[(0.5409285714285714, 1.6291741609000503, 4.3263397216796875)]"
bfgs,3658,9,0.6,"[(0.5409285714285714, 1.6291741609000503, 4.326345682144165)]"
bfgs,3658,9,0.7,"[(0.5409285714285714, 1.6291741609000503, 4.326351642608643)]"
bfgs,3658,9,0.8,"[(0.5409285714285714, 1.6291741609000503, 4.32635760307312)]"
bfgs,3658,9,0.9,"[(0.5409285714285714, 1.6291741609000503, 4.326361894607544)]"
bfgs,3658,9,1.0,"[(0.5409285714285714, 1.6291741609000503, 4.326366186141968)]"
bfgs,3658,10,0.01,"[(0.5007142857142857, 1.5739293488906796, 2.634921073913574)]"
bfgs,3658,10,0.1,"[(0.45964285714285713, 1.5773715061386475, 3.8449347019195557)]"
bfgs,3658,10,0.2,"[(0.45964285714285713, 1.5773715061386475, 3.844943046569824)]"
bfgs,3658,10,0.3,"[(0.45964285714285713, 1.5773715061386475, 3.844947099685669)]"
bfgs,3658,10,0.4,"[(0.45964285714285713, 1.5773715061386475, 3.8449513912200928)]"
bfgs,3658,10,0.5,"[(0.45964285714285713, 1.5773715061386475, 3.8449549674987793)]"
bfgs,3658,10,0.6,"[(0.45964285714285713, 1.5773715061386475, 3.844961404800415)]"
bfgs,3658,10,0.7,"[(0.45964285714285713, 1.5773715061386475, 3.8449673652648926)]"
bfgs,3658,10,0.8,"[(0.45964285714285713, 1.5773715061386475, 3.8449740409851074)]"
bfgs,3658,10,0.9,"[(0.45964285714285713, 1.5773715061386475, 3.8449783325195312)]"
bfgs,3658,10,1.0,"[(0.45964285714285713, 1.5773715061386475, 3.8449838161468506)]"
bfgs,3658,11,0.01,"[(0.46599999999999997, 1.5061621800182527, 2.947617769241333)]"
bfgs,3658,11,0.1,"[(0.40928571428571425, 1.5101388092438242, 4.788007736206055)]"
bfgs,3658,11,0.2,"[(0.40928571428571425, 1.5101388092438242, 4.788024663925171)]"
bfgs,3658,11,0.3,"[(0.40928571428571425, 1.5101388092438242, 4.788028240203857)]"
bfgs,3658,11,0.4,"[(0.40928571428571425, 1.5101388092438242, 4.788031339645386)]"
bfgs,3658,11,0.5,"[(0.40928571428571425, 1.5101388092438242, 4.788048505783081)]"
bfgs,3658,11,0.6,"[(0.40928571428571425, 1.5101388092438242, 4.7880637645721436)]"
bfgs,3658,11,0.7,"[(0.40928571428571425, 1.5101388092438242, 4.788070201873779)]"
bfgs,3658,11,0.8,"[(0.40928571428571425, 1.5101388092438242, 4.788074254989624)]"
bfgs,3658,11,0.9,"[(0.40928571428571425, 1.5101388092438242, 4.7880778312683105)]"
bfgs,3658,11,1.0,"[(0.40928571428571425, 1.5101388092438242, 4.788100719451904)]"
bfgs,3658,12,0.01,"[(0.5067857142857143, 1.5193601126168488, 3.5016403198242188)]"
bfgs,3658,12,0.1,"[(0.4702857142857143, 1.470166441472284, 5.503200531005859)]"
bfgs,3658,12,0.2,"[(0.4702857142857143, 1.470166441472284, 5.503222227096558)]"
bfgs,3658,12,0.3,"[(0.4702857142857143, 1.470166441472284, 5.503225326538086)]"
bfgs,3658,12,0.4,"[(0.4702857142857143, 1.470166441472284, 5.503230571746826)]"
bfgs,3658,12,0.5,"[(0.4702857142857143, 1.470166441472284, 5.503243446350098)]"
bfgs,3658,12,0.6,"[(0.4702857142857143, 1.470166441472284, 5.5032572746276855)]"
bfgs,3658,12,0.7,"[(0.4702857142857143, 1.470166441472284, 5.503270626068115)]"
bfgs,3658,12,0.8,"[(0.4702857142857143, 1.470166441472284, 5.503275394439697)]"
bfgs,3658,12,0.9,"[(0.4702857142857143, 1.470166441472284, 5.503281116485596)]"
bfgs,3658,12,1.0,"[(0.4702857142857143, 1.470166441472284, 5.503288269042969)]"
bfgs,3658,13,0.01,"[(0.5247142857142857, 1.4973458746913841, 3.7456698417663574)]"
bfgs,3658,13,0.1,"[(0.47257142857142853, 1.399065417481088, 5.781541347503662)]"
bfgs,3658,13,0.2,"[(0.47257142857142853, 1.399065417481088, 5.781558275222778)]"
bfgs,3658,13,0.3,"[(0.47257142857142853, 1.399065417481088, 5.781561374664307)]"
bfgs,3658,13,0.4,"[(0.47257142857142853, 1.399065417481088, 5.781566381454468)]"
bfgs,3658,13,0.5,"[(0.47257142857142853, 1.399065417481088, 5.781569957733154)]"
bfgs,3658,13,0.6,"[(0.47257142857142853, 1.399065417481088, 5.781585216522217)]"
bfgs,3658,13,0.7,"[(0.47257142857142853, 1.399065417481088, 5.781604290008545)]"
bfgs,3658,13,0.8,"[(0.47257142857142853, 1.399065417481088, 5.78161096572876)]"
bfgs,3658,13,0.9,"[(0.47257142857142853, 1.399065417481088, 5.781616687774658)]"
bfgs,3658,13,1.0,"[(0.47257142857142853, 1.399065417481088, 5.781620264053345)]"
bfgs,3658,14,0.01,"[(0.486, 1.5712317947709233, 3.151637554168701)]"
bfgs,3658,14,0.1,"[(0.4415714285714286, 1.548431166258495, 4.853702545166016)]"
bfgs,3658,14,0.2,"[(0.4415714285714286, 1.548431166258495, 4.8537092208862305)]"
bfgs,3658,14,0.3,"[(0.4415714285714286, 1.548431166258495, 4.85371470451355)]"
bfgs,3658,14,0.4,"[(0.4415714285714286, 1.548431166258495, 4.853727579116821)]"
bfgs,3658,14,0.5,"[(0.4415714285714286, 1.548431166258495, 4.853740215301514)]"
bfgs,3658,14,0.6,"[(0.4415714285714286, 1.548431166258495, 4.853744029998779)]"
bfgs,3658,14,0.7,"[(0.4415714285714286, 1.548431166258495, 4.853757381439209)]"
bfgs,3658,14,0.8,"[(0.4415714285714286, 1.548431166258495, 4.853762865066528)]"
bfgs,3658,14,0.9,"[(0.4415714285714286, 1.548431166258495, 4.8537678718566895)]"
bfgs,3658,14,1.0,"[(0.4415714285714286, 1.548431166258495, 4.853774785995483)]"
bfgs,3658,15,0.01,"[(0.6762142857142857, 1.7741056058402471, 4.191211462020874)]"
bfgs,3658,15,0.1,"[(0.5672857142857143, 1.790188801727426, 6.612385272979736)]"
bfgs,3658,15,0.2,"[(0.5672857142857143, 1.790188801727426, 6.6124022006988525)]"
bfgs,3658,15,0.3,"[(0.5672857142857143, 1.790188801727426, 6.6124091148376465)]"
bfgs,3658,15,0.4,"[(0.5672857142857143, 1.790188801727426, 6.6124114990234375)]"
bfgs,3658,15,0.5,"[(0.5672857142857143, 1.790188801727426, 6.612417221069336)]"
bfgs,3658,15,0.6,"[(0.5672857142857143, 1.790188801727426, 6.612421274185181)]"
bfgs,3658,15,0.7,"[(0.5672857142857143, 1.790188801727426, 6.612439155578613)]"
bfgs,3658,15,0.8,"[(0.5672857142857143, 1.790188801727426, 6.612453460693359)]"
bfgs,3658,15,0.9,"[(0.5672857142857143, 1.790188801727426, 6.6124584674835205)]"
bfgs,3658,15,1.0,"[(0.5672857142857143, 1.790188801727426, 6.6124632358551025)]"
bfgs,3658,16,0.01,"[(0.5044285714285714, 1.5678869033803682, 3.6965906620025635)]"
bfgs,3658,16,0.1,"[(0.46578571428571425, 1.4815723238575054, 5.084716796875)]"
bfgs,3658,16,0.2,"[(0.46578571428571425, 1.4815723238575054, 5.0847249031066895)]"
bfgs,3658,16,0.3,"[(0.46578571428571425, 1.4815723238575054, 5.084728479385376)]"
bfgs,3658,16,0.4,"[(0.46578571428571425, 1.4815723238575054, 5.084733009338379)]"
bfgs,3658,16,0.5,"[(0.46578571428571425, 1.4815723238575054, 5.084739446640015)]"
bfgs,3658,16,0.6,"[(0.46578571428571425, 1.4815723238575054, 5.084746599197388)]"
bfgs,3658,16,0.7,"[(0.46578571428571425, 1.4815723238575054, 5.084752559661865)]"
bfgs,3658,16,0.8,"[(0.46578571428571425, 1.4815723238575054, 5.084757328033447)]"
bfgs,3658,16,0.9,"[(0.46578571428571425, 1.4815723238575054, 5.084763765335083)]"
bfgs,3658,16,1.0,"[(0.46578571428571425, 1.4815723238575054, 5.084769248962402)]"
bfgs,3658,17,0.01,"[(0.5762857142857143, 1.6646586583492629, 3.946489095687866)]"
bfgs,3658,17,0.1,"[(0.5158571428571428, 1.5934829745157417, 5.518430233001709)]"
bfgs,3658,17,0.2,"[(0.5158571428571428, 1.5934829745157417, 5.518439769744873)]"
bfgs,3658,17,0.3,"[(0.5158571428571428, 1.5934829745157417, 5.518446683883667)]"
bfgs,3658,17,0.4,"[(0.5158571428571428, 1.5934829745157417, 5.518453121185303)]"
bfgs,3658,17,0.5,"[(0.5158571428571428, 1.5934829745157417, 5.518460035324097)]"
bfgs,3658,17,0.6,"[(0.5158571428571428, 1.5934829745157417, 5.5184667110443115)]"
bfgs,3658,17,0.7,"[(0.5158571428571428, 1.5934829745157417, 5.518473148345947)]"
bfgs,3658,17,0.8,"[(0.5158571428571428, 1.5934829745157417, 5.518479585647583)]"
bfgs,3658,17,0.9,"[(0.5158571428571428, 1.5934829745157417, 5.51848578453064)]"
bfgs,3658,17,1.0,"[(0.5158571428571428, 1.5934829745157417, 5.518491983413696)]"
bfgs,3658,18,0.01,"[(0.4872857142857143, 1.4391889814907743, 7.370193004608154)]"
bfgs,3658,18,0.1,"[(0.48142857142857143, 1.3868839228352536, 10.579932451248169)]"
bfgs,3658,18,0.2,"[(0.48142857142857143, 1.3868839228352536, 10.579954147338867)]"
bfgs,3658,18,0.3,"[(0.48142857142857143, 1.3868839228352536, 10.579960584640503)]"
bfgs,3658,18,0.4,"[(0.48142857142857143, 1.3868839228352536, 10.579962968826294)]"
bfgs,3658,18,0.5,"[(0.48142857142857143, 1.3868839228352536, 10.579967737197876)]"
bfgs,3658,18,0.6,"[(0.48142857142857143, 1.3868839228352536, 10.579988479614258)]"
bfgs,3658,18,0.7,"[(0.48142857142857143, 1.3868839228352536, 10.580001831054688)]"
bfgs,3658,18,0.8,"[(0.48142857142857143, 1.3868839228352536, 10.58000659942627)]"
bfgs,3658,18,0.9,"[(0.48142857142857143, 1.3868839228352536, 10.58003282546997)]"
bfgs,3658,18,1.0,"[(0.48142857142857143, 1.3868839228352536, 10.580036640167236)]"
bfgs,3658,19,0.01,"[(0.5237857142857143, 1.6054223068705986, 5.704029321670532)]"
bfgs,3658,19,0.1,"[(0.4880714285714286, 1.487787524529673, 9.162427186965942)]"
bfgs,3658,19,0.2,"[(0.4880714285714286, 1.487787524529673, 9.16243290901184)]"
bfgs,3658,19,0.3,"[(0.4880714285714286, 1.487787524529673, 9.162438154220581)]"
bfgs,3658,19,0.4,"[(0.4880714285714286, 1.487787524529673, 9.162444114685059)]"
bfgs,3658,19,0.5,"[(0.4880714285714286, 1.487787524529673, 9.16245722770691)]"
bfgs,3658,19,0.6,"[(0.4880714285714286, 1.487787524529673, 9.162461519241333)]"
bfgs,3658,19,0.7,"[(0.4880714285714286, 1.487787524529673, 9.162475109100342)]"
bfgs,3658,19,0.8,"[(0.4880714285714286, 1.487787524529673, 9.16248106956482)]"
bfgs,3658,19,0.9,"[(0.4880714285714286, 1.487787524529673, 9.16248607635498)]"
bfgs,3658,19,1.0,"[(0.4880714285714286, 1.487787524529673, 9.162509202957153)]"
bfgs,3658,20,0.01,"[(0.4992142857142857, 1.4461239079813408, 6.389772653579712)]"
bfgs,3658,20,0.1,"[(0.45585714285714285, 1.3543965812086676, 8.809666633605957)]"
bfgs,3658,20,0.2,"[(0.45585714285714285, 1.3543965812086676, 8.809671640396118)]"
bfgs,3658,20,0.3,"[(0.45585714285714285, 1.3543965812086676, 8.809676885604858)]"
bfgs,3658,20,0.4,"[(0.45585714285714285, 1.3543965812086676, 8.809683322906494)]"
bfgs,3658,20,0.5,"[(0.45585714285714285, 1.3543965812086676, 8.80968952178955)]"
bfgs,3658,20,0.6,"[(0.45585714285714285, 1.3543965812086676, 8.80969500541687)]"
bfgs,3658,20,0.7,"[(0.45585714285714285, 1.3543965812086676, 8.809700965881348)]"
bfgs,3658,20,0.8,"[(0.45585714285714285, 1.3543965812086676, 8.809706926345825)]"
bfgs,3658,20,0.9,"[(0.45585714285714285, 1.3543965812086676, 8.809710502624512)]"
bfgs,3658,20,1.0,"[(0.45585714285714285, 1.3543965812086676, 8.80972146987915)]"
bfgs,3658,21,0.01,"[(0.5114285714285715, 1.6429436192829157, 6.3664634227752686)]"
bfgs,3658,21,0.1,"[(0.4780714285714286, 1.5363045416291259, 8.769909143447876)]"
bfgs,3658,21,0.2,"[(0.4780714285714286, 1.5363045416291259, 8.769925832748413)]"
bfgs,3658,21,0.3,"[(0.4780714285714286, 1.5363045416291259, 8.769928932189941)]"
bfgs,3658,21,0.4,"[(0.4780714285714286, 1.5363045416291259, 8.769933938980103)]"
bfgs,3658,21,0.5,"[(0.4780714285714286, 1.5363045416291259, 8.769936800003052)]"
bfgs,3658,21,0.6,"[(0.4780714285714286, 1.5363045416291259, 8.769951820373535)]"
bfgs,3658,21,0.7,"[(0.4780714285714286, 1.5363045416291259, 8.76996397972107)]"
bfgs,3658,21,0.8,"[(0.4780714285714286, 1.5363045416291259, 8.769979000091553)]"
bfgs,3658,21,0.9,"[(0.4780714285714286, 1.5363045416291259, 8.769984006881714)]"
bfgs,3658,21,1.0,"[(0.4780714285714286, 1.5363045416291259, 8.769988536834717)]"
bfgs,3658,22,0.01,"[(0.5126428571428572, 1.5533312143057216, 5.655832529067993)]"
bfgs,3658,22,0.1,"[(0.5071428571428571, 1.5441519176286373, 8.835664749145508)]"
bfgs,3658,22,0.2,"[(0.5071428571428571, 1.5441519176286373, 8.835670709609985)]"
bfgs,3658,22,0.3,"[(0.5071428571428571, 1.5441519176286373, 8.835675716400146)]"
bfgs,3658,22,0.4,"[(0.5071428571428571, 1.5441519176286373, 8.835695266723633)]"
bfgs,3658,22,0.5,"[(0.5071428571428571, 1.5441519176286373, 8.835707902908325)]"
bfgs,3658,22,0.6,"[(0.5071428571428571, 1.5441519176286373, 8.835712194442749)]"
bfgs,3658,22,0.7,"[(0.5071428571428571, 1.5441519176286373, 8.835733413696289)]"
bfgs,3658,22,0.8,"[(0.5071428571428571, 1.5441519176286373, 8.835739612579346)]"
bfgs,3658,22,0.9,"[(0.5071428571428571, 1.5441519176286373, 8.835745096206665)]"
bfgs,3658,22,1.0,"[(0.5071428571428571, 1.5441519176286373, 8.835752964019775)]"
bfgs,3658,23,0.01,"[(0.6031428571428572, 1.6290175129599374, 6.604129791259766)]"
bfgs,3658,23,0.1,"[(0.5425, 1.6515933126329823, 9.984679222106934)]"
bfgs,3658,23,0.2,"[(0.5425, 1.6515933126329823, 9.984684944152832)]"
bfgs,3658,23,0.3,"[(0.5425, 1.6515933126329823, 9.984690427780151)]"
bfgs,3658,23,0.4,"[(0.5425, 1.6515933126329823, 9.984695196151733)]"
bfgs,3658,23,0.5,"[(0.5425, 1.6515933126329823, 9.98470163345337)]"
bfgs,3658,23,0.6,"[(0.5425, 1.6515933126329823, 9.984707832336426)]"
bfgs,3658,23,0.7,"[(0.5425, 1.6515933126329823, 9.984714031219482)]"
bfgs,3658,23,0.8,"[(0.5425, 1.6515933126329823, 9.98471999168396)]"
bfgs,3658,23,0.9,"[(0.5425, 1.6515933126329823, 9.984726190567017)]"
bfgs,3658,23,1.0,"[(0.5425, 1.6515933126329823, 9.984732151031494)]"
bfgs,3658,24,0.01,"[(0.5807142857142857, 1.755823761795056, 7.425861120223999)]"
bfgs,3658,24,0.1,"[(0.49042857142857144, 1.6554922908067595, 10.629606246948242)]"
bfgs,3658,24,0.2,"[(0.49042857142857144, 1.6554922908067595, 10.629613161087036)]"
bfgs,3658,24,0.3,"[(0.49042857142857144, 1.6554922908067595, 10.629616498947144)]"
bfgs,3658,24,0.4,"[(0.49042857142857144, 1.6554922908067595, 10.629619836807251)]"
bfgs,3658,24,0.5,"[(0.49042857142857144, 1.6554922908067595, 10.629626274108887)]"
bfgs,3658,24,0.6,"[(0.49042857142857144, 1.6554922908067595, 10.629632472991943)]"
bfgs,3658,24,0.7,"[(0.49042857142857144, 1.6554922908067595, 10.629638671875)]"
bfgs,3658,24,0.8,"[(0.49042857142857144, 1.6554922908067595, 10.629651308059692)]"
bfgs,3658,24,0.9,"[(0.49042857142857144, 1.6554922908067595, 10.62965726852417)]"
bfgs,3658,24,1.0,"[(0.49042857142857144, 1.6554922908067595, 10.629663467407227)]"
