function,dimension,run,checkpoint,error
F82013,10,0,0.01,[20.71122480315978]
F82013,10,0,0.1,[20.71122480315978]
F82013,10,0,0.2,[20.38700387130541]
F82013,10,0,0.3,[20.38700387130541]
F82013,10,0,0.4,[20.38700387130541]
F82013,10,0,0.5,[20.38700387130541]
F82013,10,0,0.6,[20.38700387130541]
F82013,10,0,0.7,[20.38700387130541]
F82013,10,0,0.8,[20.38700387130541]
F82013,10,0,0.9,[20.337705975983226]
F82013,10,0,1.0,[20.337705975983226]
F82013,10,0,0.01,[20.747538881241326]
F82013,10,0,0.1,[20.40385654988927]
F82013,10,0,0.2,[20.40385654988927]
F82013,10,0,0.3,[20.40385654988927]
F82013,10,0,0.4,[20.220309495118727]
F82013,10,0,0.5,[20.220309495118727]
F82013,10,0,0.6,[20.220309495118727]
F82013,10,0,0.7,[20.220309495118727]
F82013,10,0,0.8,[20.220309495118727]
F82013,10,0,0.9,[20.220309495118727]
F82013,10,0,1.0,[20.220309495118727]
F82013,10,0,0.01,[20.78076500900761]
F82013,10,0,0.1,[20.58429402537979]
F82013,10,0,0.2,[20.41796682203244]
F82013,10,0,0.3,[20.41796682203244]
F82013,10,0,0.4,[20.41796682203244]
F82013,10,0,0.5,[20.41796682203244]
F82013,10,0,0.6,[20.41796682203244]
F82013,10,0,0.7,[20.41796682203244]
F82013,10,0,0.8,[20.41796682203244]
F82013,10,0,0.9,[20.41796682203244]
F82013,10,0,1.0,[20.41796682203244]
F82013,10,0,0.01,[20.76048687502032]
F82013,10,0,0.1,[20.409274341221476]
F82013,10,0,0.2,[20.409274341221476]
F82013,10,0,0.3,[20.37994205760822]
F82013,10,0,0.4,[20.37994205760822]
F82013,10,0,0.5,[20.37994205760822]
F82013,10,0,0.6,[20.37994205760822]
F82013,10,0,0.7,[20.37994205760822]
F82013,10,0,0.8,[20.37994205760822]
F82013,10,0,0.9,[20.37994205760822]
F82013,10,0,1.0,[20.37994205760822]
F82013,10,0,0.01,[20.74812313191478]
F82013,10,0,0.1,[20.61225048906772]
F82013,10,0,0.2,[20.51452285327116]
F82013,10,0,0.3,[20.51452285327116]
F82013,10,0,0.4,[20.51452285327116]
F82013,10,0,0.5,[20.51452285327116]
F82013,10,0,0.6,[20.51452285327116]
F82013,10,0,0.7,[20.51452285327116]
F82013,10,0,0.8,[20.51452285327116]
F82013,10,0,0.9,[20.313497837163254]
F82013,10,0,1.0,[20.313497837163254]
F82013,10,0,0.01,[20.505905070861786]
F82013,10,0,0.1,[20.423904836917814]
F82013,10,0,0.2,[20.423904836917814]
F82013,10,0,0.3,[20.310891641601756]
F82013,10,0,0.4,[20.310891641601756]
F82013,10,0,0.5,[20.310891641601756]
F82013,10,0,0.6,[20.310891641601756]
F82013,10,0,0.7,[20.310891641601756]
F82013,10,0,0.8,[20.310891641601756]
F82013,10,0,0.9,[20.310891641601756]
F82013,10,0,1.0,[20.310891641601756]
F82013,10,0,0.01,[20.805106115764602]
F82013,10,0,0.1,[20.375123609626144]
F82013,10,0,0.2,[20.375123609626144]
F82013,10,0,0.3,[20.375123609626144]
F82013,10,0,0.4,[20.35302249609049]
F82013,10,0,0.5,[20.35302249609049]
F82013,10,0,0.6,[20.35302249609049]
F82013,10,0,0.7,[20.35302249609049]
F82013,10,0,0.8,[20.35302249609049]
F82013,10,0,0.9,[20.35302249609049]
F82013,10,0,1.0,[20.35302249609049]
F82013,10,0,0.01,[20.87597401422215]
F82013,10,0,0.1,[20.53260488701153]
F82013,10,0,0.2,[20.53260488701153]
F82013,10,0,0.3,[20.504672247028452]
F82013,10,0,0.4,[20.504672247028452]
F82013,10,0,0.5,[20.504672247028452]
F82013,10,0,0.6,[20.415383445299085]
F82013,10,0,0.7,[20.415383445299085]
F82013,10,0,0.8,[20.415383445299085]
F82013,10,0,0.9,[20.415383445299085]
F82013,10,0,1.0,[20.415383445299085]
F82013,10,0,0.01,[20.691185292505452]
F82013,10,0,0.1,[20.453780630186316]
F82013,10,0,0.2,[20.453780630186316]
F82013,10,0,0.3,[20.453780630186316]
F82013,10,0,0.4,[20.453780630186316]
F82013,10,0,0.5,[20.453780630186316]
F82013,10,0,0.6,[20.31813599396571]
F82013,10,0,0.7,[20.31813599396571]
F82013,10,0,0.8,[20.31813599396571]
F82013,10,0,0.9,[20.201070895524367]
F82013,10,0,1.0,[20.201070895524367]
F82013,10,0,0.01,[20.797625141742174]
F82013,10,0,0.1,[20.599554979810137]
F82013,10,0,0.2,[20.422852675271315]
F82013,10,0,0.3,[20.422852675271315]
F82013,10,0,0.4,[20.422852675271315]
F82013,10,0,0.5,[20.422852675271315]
F82013,10,0,0.6,[20.422852675271315]
F82013,10,0,0.7,[20.422852675271315]
F82013,10,0,0.8,[20.422852675271315]
F82013,10,0,0.9,[20.422852675271315]
F82013,10,0,1.0,[20.422852675271315]
F82013,10,0,0.01,[20.600142028998903]
F82013,10,0,0.1,[20.474223621017472]
F82013,10,0,0.2,[20.474223621017472]
F82013,10,0,0.3,[20.474223621017472]
F82013,10,0,0.4,[20.459758592669573]
F82013,10,0,0.5,[20.423161141094056]
F82013,10,0,0.6,[20.423161141094056]
F82013,10,0,0.7,[20.248831290362887]
F82013,10,0,0.8,[20.248831290362887]
F82013,10,0,0.9,[20.248831290362887]
F82013,10,0,1.0,[20.248831290362887]
F82013,10,0,0.01,[20.801719008553732]
F82013,10,0,0.1,[20.502432164030324]
F82013,10,0,0.2,[20.502432164030324]
F82013,10,0,0.3,[20.502432164030324]
F82013,10,0,0.4,[20.502432164030324]
F82013,10,0,0.5,[20.502432164030324]
F82013,10,0,0.6,[20.502432164030324]
F82013,10,0,0.7,[20.498830482444077]
F82013,10,0,0.8,[20.420858366829975]
F82013,10,0,0.9,[20.420858366829975]
F82013,10,0,1.0,[20.420858366829975]
F82013,10,0,0.01,[20.61316223981487]
F82013,10,0,0.1,[20.60487296638712]
F82013,10,0,0.2,[20.480878658702636]
F82013,10,0,0.3,[20.388655213192465]
F82013,10,0,0.4,[20.388655213192465]
F82013,10,0,0.5,[20.388655213192465]
F82013,10,0,0.6,[20.388655213192465]
F82013,10,0,0.7,[20.388655213192465]
F82013,10,0,0.8,[20.388655213192465]
F82013,10,0,0.9,[20.388655213192465]
F82013,10,0,1.0,[20.388655213192465]
F82013,10,0,0.01,[20.72301107851331]
F82013,10,0,0.1,[20.36262183755764]
F82013,10,0,0.2,[20.36262183755764]
F82013,10,0,0.3,[20.226835033555403]
F82013,10,0,0.4,[20.226835033555403]
F82013,10,0,0.5,[20.226835033555403]
F82013,10,0,0.6,[20.226835033555403]
F82013,10,0,0.7,[20.226835033555403]
F82013,10,0,0.8,[20.226835033555403]
F82013,10,0,0.9,[20.226835033555403]
F82013,10,0,1.0,[20.226835033555403]
F82013,10,0,0.01,[20.84191280940115]
F82013,10,0,0.1,[20.627743787658005]
F82013,10,0,0.2,[20.505273615130136]
F82013,10,0,0.3,[20.451746522375174]
F82013,10,0,0.4,[20.451746522375174]
F82013,10,0,0.5,[20.441516634675054]
F82013,10,0,0.6,[20.422857951966535]
F82013,10,0,0.7,[20.422857951966535]
F82013,10,0,0.8,[20.422857951966535]
F82013,10,0,0.9,[20.422857951966535]
F82013,10,0,1.0,[20.422857951966535]
F82013,10,0,0.01,[20.702912514641866]
F82013,10,0,0.1,[20.471709716497458]
F82013,10,0,0.2,[20.471709716497458]
F82013,10,0,0.3,[20.471709716497458]
F82013,10,0,0.4,[20.471709716497458]
F82013,10,0,0.5,[20.461219823120473]
F82013,10,0,0.6,[20.461219823120473]
F82013,10,0,0.7,[20.461219823120473]
F82013,10,0,0.8,[20.461219823120473]
F82013,10,0,0.9,[20.295451687586137]
F82013,10,0,1.0,[20.295451687586137]
F82013,10,0,0.01,[20.711960582671622]
F82013,10,0,0.1,[20.631723917952627]
F82013,10,0,0.2,[20.382340460201817]
F82013,10,0,0.3,[20.382340460201817]
F82013,10,0,0.4,[20.382340460201817]
F82013,10,0,0.5,[20.382340460201817]
F82013,10,0,0.6,[20.382340460201817]
F82013,10,0,0.7,[20.382340460201817]
F82013,10,0,0.8,[20.382340460201817]
F82013,10,0,0.9,[20.382340460201817]
F82013,10,0,1.0,[20.382340460201817]
F82013,10,0,0.01,[20.655412072584568]
F82013,10,0,0.1,[20.537086624403173]
F82013,10,0,0.2,[20.537086624403173]
F82013,10,0,0.3,[20.519959551383522]
F82013,10,0,0.4,[20.494220505819612]
F82013,10,0,0.5,[20.494220505819612]
F82013,10,0,0.6,[20.469258909516952]
F82013,10,0,0.7,[20.469258909516952]
F82013,10,0,0.8,[20.35170251595173]
F82013,10,0,0.9,[20.35170251595173]
F82013,10,0,1.0,[20.35170251595173]
F82013,10,0,0.01,[20.937245975630958]
F82013,10,0,0.1,[20.354277476495554]
F82013,10,0,0.2,[20.354277476495554]
F82013,10,0,0.3,[20.354277476495554]
F82013,10,0,0.4,[20.354277476495554]
F82013,10,0,0.5,[20.354277476495554]
F82013,10,0,0.6,[20.354277476495554]
F82013,10,0,0.7,[20.354277476495554]
F82013,10,0,0.8,[20.354277476495554]
F82013,10,0,0.9,[20.354277476495554]
F82013,10,0,1.0,[20.336307333259583]
F82013,10,0,0.01,[20.856247427668904]
F82013,10,0,0.1,[20.429216827672576]
F82013,10,0,0.2,[20.40168794858846]
F82013,10,0,0.3,[20.40168794858846]
F82013,10,0,0.4,[20.40168794858846]
F82013,10,0,0.5,[20.40168794858846]
F82013,10,0,0.6,[20.40168794858846]
F82013,10,0,0.7,[20.40168794858846]
F82013,10,0,0.8,[20.40168794858846]
F82013,10,0,0.9,[20.40168794858846]
F82013,10,0,1.0,[20.40168794858846]
F82013,10,0,0.01,[20.603047354948103]
F82013,10,0,0.1,[20.59562483051309]
F82013,10,0,0.2,[20.55709686917669]
F82013,10,0,0.3,[20.453764032815684]
F82013,10,0,0.4,[20.453764032815684]
F82013,10,0,0.5,[20.406377381662992]
F82013,10,0,0.6,[20.30660527537441]
F82013,10,0,0.7,[20.30660527537441]
F82013,10,0,0.8,[20.30660527537441]
F82013,10,0,0.9,[20.30660527537441]
F82013,10,0,1.0,[20.30660527537441]
F82013,10,0,0.01,[20.67980054196255]
F82013,10,0,0.1,[20.482208390452342]
F82013,10,0,0.2,[20.482208390452342]
F82013,10,0,0.3,[20.482208390452342]
F82013,10,0,0.4,[20.482208390452342]
F82013,10,0,0.5,[20.482208390452342]
F82013,10,0,0.6,[20.444539057723887]
F82013,10,0,0.7,[20.444539057723887]
F82013,10,0,0.8,[20.444539057723887]
F82013,10,0,0.9,[20.444539057723887]
F82013,10,0,1.0,[20.38160649545489]
F82013,10,0,0.01,[20.439777290993902]
F82013,10,0,0.1,[20.401384707341208]
F82013,10,0,0.2,[20.401384707341208]
F82013,10,0,0.3,[20.391748672633298]
F82013,10,0,0.4,[20.391748672633298]
F82013,10,0,0.5,[20.391748672633298]
F82013,10,0,0.6,[20.391748672633298]
F82013,10,0,0.7,[20.351532924303797]
F82013,10,0,0.8,[20.351532924303797]
F82013,10,0,0.9,[20.351532924303797]
F82013,10,0,1.0,[20.351532924303797]
F82013,10,0,0.01,[20.571845860216854]
F82013,10,0,0.1,[20.571845860216854]
F82013,10,0,0.2,[20.454062215465456]
F82013,10,0,0.3,[20.454062215465456]
F82013,10,0,0.4,[20.454062215465456]
F82013,10,0,0.5,[20.454062215465456]
F82013,10,0,0.6,[20.454062215465456]
F82013,10,0,0.7,[20.454062215465456]
F82013,10,0,0.8,[20.454062215465456]
F82013,10,0,0.9,[20.409631998209875]
F82013,10,0,1.0,[20.408073713030944]
F82013,10,0,0.01,[20.864590501578846]
F82013,10,0,0.1,[20.50681051963943]
F82013,10,0,0.2,[20.437148531494472]
F82013,10,0,0.3,[20.437148531494472]
F82013,10,0,0.4,[20.437148531494472]
F82013,10,0,0.5,[20.437148531494472]
F82013,10,0,0.6,[20.345439896174298]
F82013,10,0,0.7,[20.345439896174298]
F82013,10,0,0.8,[20.345439896174298]
F82013,10,0,0.9,[20.345439896174298]
F82013,10,0,1.0,[20.345439896174298]
F82013,10,0,0.01,[20.74426739958244]
F82013,10,0,0.1,[20.339645311352456]
F82013,10,0,0.2,[20.339645311352456]
F82013,10,0,0.3,[20.339645311352456]
F82013,10,0,0.4,[20.339645311352456]
F82013,10,0,0.5,[20.339645311352456]
F82013,10,0,0.6,[20.339645311352456]
F82013,10,0,0.7,[20.339645311352456]
F82013,10,0,0.8,[20.339645311352456]
F82013,10,0,0.9,[20.339645311352456]
F82013,10,0,1.0,[20.339645311352456]
F82013,10,0,0.01,[20.83009525965224]
F82013,10,0,0.1,[20.534459820684788]
F82013,10,0,0.2,[20.534459820684788]
F82013,10,0,0.3,[20.534459820684788]
F82013,10,0,0.4,[20.321495909881605]
F82013,10,0,0.5,[20.321495909881605]
F82013,10,0,0.6,[20.321495909881605]
F82013,10,0,0.7,[20.321495909881605]
F82013,10,0,0.8,[20.321495909881605]
F82013,10,0,0.9,[20.321495909881605]
F82013,10,0,1.0,[20.321495909881605]
F82013,10,0,0.01,[20.634975918644727]
F82013,10,0,0.1,[20.499429276191677]
F82013,10,0,0.2,[20.499429276191677]
F82013,10,0,0.3,[20.499429276191677]
F82013,10,0,0.4,[20.499429276191677]
F82013,10,0,0.5,[20.43910281674357]
F82013,10,0,0.6,[20.43910281674357]
F82013,10,0,0.7,[20.43910281674357]
F82013,10,0,0.8,[20.43910281674357]
F82013,10,0,0.9,[20.43910281674357]
F82013,10,0,1.0,[20.43910281674357]
F82013,10,0,0.01,[20.710031332692665]
F82013,10,0,0.1,[20.50719401266042]
F82013,10,0,0.2,[20.50719401266042]
F82013,10,0,0.3,[20.503121097113876]
F82013,10,0,0.4,[20.503121097113876]
F82013,10,0,0.5,[20.40409138221719]
F82013,10,0,0.6,[20.40409138221719]
F82013,10,0,0.7,[20.40409138221719]
F82013,10,0,0.8,[20.40409138221719]
F82013,10,0,0.9,[20.349078581538492]
F82013,10,0,1.0,[20.349078581538492]
F82013,10,0,0.01,[20.643783184511335]
F82013,10,0,0.1,[20.51494436988287]
F82013,10,0,0.2,[20.33127462523362]
F82013,10,0,0.3,[20.33127462523362]
F82013,10,0,0.4,[20.33127462523362]
F82013,10,0,0.5,[20.33127462523362]
F82013,10,0,0.6,[20.33127462523362]
F82013,10,0,0.7,[20.33127462523362]
F82013,10,0,0.8,[20.30728829813836]
F82013,10,0,0.9,[20.30728829813836]
F82013,10,0,1.0,[20.30728829813836]
F82013,10,0,0.01,[20.492776050295674]
F82013,10,0,0.1,[20.492776050295674]
F82013,10,0,0.2,[20.492776050295674]
F82013,10,0,0.3,[20.421345220801868]
F82013,10,0,0.4,[20.421345220801868]
F82013,10,0,0.5,[20.421345220801868]
F82013,10,0,0.6,[20.421345220801868]
F82013,10,0,0.7,[20.421345220801868]
F82013,10,0,0.8,[20.421345220801868]
F82013,10,0,0.9,[20.421345220801868]
F82013,10,0,1.0,[20.421345220801868]
F82013,10,0,0.01,[20.68278543797669]
F82013,10,0,0.1,[20.38392132361969]
F82013,10,0,0.2,[20.38392132361969]
F82013,10,0,0.3,[20.38392132361969]
F82013,10,0,0.4,[20.38392132361969]
F82013,10,0,0.5,[20.38392132361969]
F82013,10,0,0.6,[20.38392132361969]
F82013,10,0,0.7,[20.38392132361969]
F82013,10,0,0.8,[20.38392132361969]
F82013,10,0,0.9,[20.38392132361969]
F82013,10,0,1.0,[20.38392132361969]
F82013,10,0,0.01,[20.795025876689124]
F82013,10,0,0.1,[20.416295350798237]
F82013,10,0,0.2,[20.340756324740823]
F82013,10,0,0.3,[20.340756324740823]
F82013,10,0,0.4,[20.340756324740823]
F82013,10,0,0.5,[20.340756324740823]
F82013,10,0,0.6,[20.340756324740823]
F82013,10,0,0.7,[20.340756324740823]
F82013,10,0,0.8,[20.340756324740823]
F82013,10,0,0.9,[20.340756324740823]
F82013,10,0,1.0,[20.340756324740823]
F82013,10,0,0.01,[20.404375701965932]
F82013,10,0,0.1,[20.404375701965932]
F82013,10,0,0.2,[20.404375701965932]
F82013,10,0,0.3,[20.404375701965932]
F82013,10,0,0.4,[20.360239947068067]
F82013,10,0,0.5,[20.360239947068067]
F82013,10,0,0.6,[20.360239947068067]
F82013,10,0,0.7,[20.360239947068067]
F82013,10,0,0.8,[20.360239947068067]
F82013,10,0,0.9,[20.360239947068067]
F82013,10,0,1.0,[20.360239947068067]
F82013,10,0,0.01,[20.61859359192681]
F82013,10,0,0.1,[20.55967155817575]
F82013,10,0,0.2,[20.476689891036813]
F82013,10,0,0.3,[20.476689891036813]
F82013,10,0,0.4,[20.381798392096243]
F82013,10,0,0.5,[20.381798392096243]
F82013,10,0,0.6,[20.381798392096243]
F82013,10,0,0.7,[20.381798392096243]
F82013,10,0,0.8,[20.378820804543466]
F82013,10,0,0.9,[20.378820804543466]
F82013,10,0,1.0,[20.378820804543466]
F82013,10,0,0.01,[20.682380384272278]
F82013,10,0,0.1,[20.547690933065837]
F82013,10,0,0.2,[20.547690933065837]
F82013,10,0,0.3,[20.491344258114623]
F82013,10,0,0.4,[20.303748845387872]
F82013,10,0,0.5,[20.303748845387872]
F82013,10,0,0.6,[20.303748845387872]
F82013,10,0,0.7,[20.303748845387872]
F82013,10,0,0.8,[20.303748845387872]
F82013,10,0,0.9,[20.303748845387872]
F82013,10,0,1.0,[20.303748845387872]
F82013,10,0,0.01,[20.741583757912963]
F82013,10,0,0.1,[20.387564242293024]
F82013,10,0,0.2,[20.387564242293024]
F82013,10,0,0.3,[20.387564242293024]
F82013,10,0,0.4,[20.387564242293024]
F82013,10,0,0.5,[20.387564242293024]
F82013,10,0,0.6,[20.387564242293024]
F82013,10,0,0.7,[20.387564242293024]
F82013,10,0,0.8,[20.387564242293024]
F82013,10,0,0.9,[20.387564242293024]
F82013,10,0,1.0,[20.387564242293024]
F82013,10,0,0.01,[20.86391444602259]
F82013,10,0,0.1,[20.48706534162227]
F82013,10,0,0.2,[20.48706534162227]
F82013,10,0,0.3,[20.43151734422429]
F82013,10,0,0.4,[20.43151734422429]
F82013,10,0,0.5,[20.43151734422429]
F82013,10,0,0.6,[20.422227128872464]
F82013,10,0,0.7,[20.422227128872464]
F82013,10,0,0.8,[20.422227128872464]
F82013,10,0,0.9,[20.422227128872464]
F82013,10,0,1.0,[20.422227128872464]
F82013,10,0,0.01,[20.705099613262178]
F82013,10,0,0.1,[20.383097501132625]
F82013,10,0,0.2,[20.383097501132625]
F82013,10,0,0.3,[20.383097501132625]
F82013,10,0,0.4,[20.383097501132625]
F82013,10,0,0.5,[20.383097501132625]
F82013,10,0,0.6,[20.367001962293557]
F82013,10,0,0.7,[20.367001962293557]
F82013,10,0,0.8,[20.367001962293557]
F82013,10,0,0.9,[20.367001962293557]
F82013,10,0,1.0,[20.367001962293557]
F82013,10,0,0.01,[20.751085883896735]
F82013,10,0,0.1,[20.52544900504722]
F82013,10,0,0.2,[20.50766865132755]
F82013,10,0,0.3,[20.50766865132755]
F82013,10,0,0.4,[20.447761724889347]
F82013,10,0,0.5,[20.407585107204454]
F82013,10,0,0.6,[20.407585107204454]
F82013,10,0,0.7,[20.407585107204454]
F82013,10,0,0.8,[20.407585107204454]
F82013,10,0,0.9,[20.407585107204454]
F82013,10,0,1.0,[20.407585107204454]
F82013,10,0,0.01,[20.864498161616666]
F82013,10,0,0.1,[20.52185250845298]
F82013,10,0,0.2,[20.41799862443486]
F82013,10,0,0.3,[20.306321353741964]
F82013,10,0,0.4,[20.306321353741964]
F82013,10,0,0.5,[20.306321353741964]
F82013,10,0,0.6,[20.306321353741964]
F82013,10,0,0.7,[20.306321353741964]
F82013,10,0,0.8,[20.306321353741964]
F82013,10,0,0.9,[20.306321353741964]
F82013,10,0,1.0,[20.306321353741964]
F82013,10,0,0.01,[20.869995101539644]
F82013,10,0,0.1,[20.44045905357541]
F82013,10,0,0.2,[20.237545721430592]
F82013,10,0,0.3,[20.237545721430592]
F82013,10,0,0.4,[20.237545721430592]
F82013,10,0,0.5,[20.237545721430592]
F82013,10,0,0.6,[20.237545721430592]
F82013,10,0,0.7,[20.237545721430592]
F82013,10,0,0.8,[20.237545721430592]
F82013,10,0,0.9,[20.237545721430592]
F82013,10,0,1.0,[20.237545721430592]
F82013,10,0,0.01,[20.790372324251734]
F82013,10,0,0.1,[20.5758518581888]
F82013,10,0,0.2,[20.5758518581888]
F82013,10,0,0.3,[20.421289873266687]
F82013,10,0,0.4,[20.421289873266687]
F82013,10,0,0.5,[20.421289873266687]
F82013,10,0,0.6,[20.421289873266687]
F82013,10,0,0.7,[20.421289873266687]
F82013,10,0,0.8,[20.421289873266687]
F82013,10,0,0.9,[20.336969074906847]
F82013,10,0,1.0,[20.336969074906847]
F82013,10,0,0.01,[20.620214603556065]
F82013,10,0,0.1,[20.620214603556065]
F82013,10,0,0.2,[20.25622822709363]
F82013,10,0,0.3,[20.25622822709363]
F82013,10,0,0.4,[20.25622822709363]
F82013,10,0,0.5,[20.25622822709363]
F82013,10,0,0.6,[20.25622822709363]
F82013,10,0,0.7,[20.25622822709363]
F82013,10,0,0.8,[20.25622822709363]
F82013,10,0,0.9,[20.25622822709363]
F82013,10,0,1.0,[20.25622822709363]
F82013,10,0,0.01,[20.82089334715954]
F82013,10,0,0.1,[20.56411282605268]
F82013,10,0,0.2,[20.49786550049339]
F82013,10,0,0.3,[20.49786550049339]
F82013,10,0,0.4,[20.447141199214457]
F82013,10,0,0.5,[20.447141199214457]
F82013,10,0,0.6,[20.447141199214457]
F82013,10,0,0.7,[20.447141199214457]
F82013,10,0,0.8,[20.447141199214457]
F82013,10,0,0.9,[20.447141199214457]
F82013,10,0,1.0,[20.447141199214457]
F82013,10,0,0.01,[20.694285903673176]
F82013,10,0,0.1,[20.560292113679793]
F82013,10,0,0.2,[20.560292113679793]
F82013,10,0,0.3,[20.21440345285987]
F82013,10,0,0.4,[20.21440345285987]
F82013,10,0,0.5,[20.21440345285987]
F82013,10,0,0.6,[20.21440345285987]
F82013,10,0,0.7,[20.21440345285987]
F82013,10,0,0.8,[20.21440345285987]
F82013,10,0,0.9,[20.21440345285987]
F82013,10,0,1.0,[20.21440345285987]
F82013,10,0,0.01,[20.75212163313313]
F82013,10,0,0.1,[20.696221050019176]
F82013,10,0,0.2,[20.566450046694854]
F82013,10,0,0.3,[20.566450046694854]
F82013,10,0,0.4,[20.391033827596516]
F82013,10,0,0.5,[20.391033827596516]
F82013,10,0,0.6,[20.391033827596516]
F82013,10,0,0.7,[20.391033827596516]
F82013,10,0,0.8,[20.391033827596516]
F82013,10,0,0.9,[20.391033827596516]
F82013,10,0,1.0,[20.391033827596516]
F82013,10,0,0.01,[20.800725975637647]
F82013,10,0,0.1,[20.542656505999616]
F82013,10,0,0.2,[20.425553742124862]
F82013,10,0,0.3,[20.425553742124862]
F82013,10,0,0.4,[20.425553742124862]
F82013,10,0,0.5,[20.425553742124862]
F82013,10,0,0.6,[20.425553742124862]
F82013,10,0,0.7,[20.425553742124862]
F82013,10,0,0.8,[20.425553742124862]
F82013,10,0,0.9,[20.425553742124862]
F82013,10,0,1.0,[20.425553742124862]
F82013,10,0,0.01,[20.77552025204909]
F82013,10,0,0.1,[20.408551996426354]
F82013,10,0,0.2,[20.399416822292892]
F82013,10,0,0.3,[20.399416822292892]
F82013,10,0,0.4,[20.399416822292892]
F82013,10,0,0.5,[20.399416822292892]
F82013,10,0,0.6,[20.399416822292892]
F82013,10,0,0.7,[20.399416822292892]
F82013,10,0,0.8,[20.399416822292892]
F82013,10,0,0.9,[20.363586604372358]
F82013,10,0,1.0,[20.363586604372358]
F82013,10,0,0.01,[20.661056377950786]
F82013,10,0,0.1,[20.362885967538432]
F82013,10,0,0.2,[20.362885967538432]
F82013,10,0,0.3,[20.362885967538432]
F82013,10,0,0.4,[20.362885967538432]
F82013,10,0,0.5,[20.362885967538432]
F82013,10,0,0.6,[20.362885967538432]
F82013,10,0,0.7,[20.362885967538432]
F82013,10,0,0.8,[20.362885967538432]
F82013,10,0,0.9,[20.362885967538432]
F82013,10,0,1.0,[20.362885967538432]
F82013,10,0,0.01,[20.784154681482732]
F82013,10,0,0.1,[20.308047854871006]
F82013,10,0,0.2,[20.308047854871006]
F82013,10,0,0.3,[20.308047854871006]
F82013,10,0,0.4,[20.308047854871006]
F82013,10,0,0.5,[20.308047854871006]
F82013,10,0,0.6,[20.308047854871006]
F82013,10,0,0.7,[20.308047854871006]
F82013,10,0,0.8,[20.308047854871006]
F82013,10,0,0.9,[20.308047854871006]
F82013,10,0,1.0,[20.308047854871006]
F82013,30,0,0.01,[21.14639218102218]
F82013,30,0,0.1,[21.044772202061836]
F82013,30,0,0.2,[21.018282829557506]
F82013,30,0,0.3,[21.01022920073717]
F82013,30,0,0.4,[21.01022920073717]
F82013,30,0,0.5,[21.01022920073717]
F82013,30,0,0.6,[21.01022920073717]
F82013,30,0,0.7,[21.01022920073717]
F82013,30,0,0.8,[21.01022920073717]
F82013,30,0,0.9,[21.01022920073717]
F82013,30,0,1.0,[21.01022920073717]
F82013,30,0,0.01,[21.208077026691512]
F82013,30,0,0.1,[21.063550443941608]
F82013,30,0,0.2,[21.063550443941608]
F82013,30,0,0.3,[20.951331130351264]
F82013,30,0,0.4,[20.951331130351264]
F82013,30,0,0.5,[20.951331130351264]
F82013,30,0,0.6,[20.951331130351264]
F82013,30,0,0.7,[20.866953363677908]
F82013,30,0,0.8,[20.866953363677908]
F82013,30,0,0.9,[20.866953363677908]
F82013,30,0,1.0,[20.866953363677908]
F82013,30,0,0.01,[21.143527215409904]
F82013,30,0,0.1,[21.138914562818513]
F82013,30,0,0.2,[21.028088376877122]
F82013,30,0,0.3,[21.028088376877122]
F82013,30,0,0.4,[20.988144708920117]
F82013,30,0,0.5,[20.988144708920117]
F82013,30,0,0.6,[20.988144708920117]
F82013,30,0,0.7,[20.988144708920117]
F82013,30,0,0.8,[20.950403074439464]
F82013,30,0,0.9,[20.950403074439464]
F82013,30,0,1.0,[20.950403074439464]
F82013,30,0,0.01,[21.118388745799166]
F82013,30,0,0.1,[21.000778769467274]
F82013,30,0,0.2,[21.000778769467274]
F82013,30,0,0.3,[20.978593040876603]
F82013,30,0,0.4,[20.978593040876603]
F82013,30,0,0.5,[20.915240360780558]
F82013,30,0,0.6,[20.915240360780558]
F82013,30,0,0.7,[20.915240360780558]
F82013,30,0,0.8,[20.915240360780558]
F82013,30,0,0.9,[20.915240360780558]
F82013,30,0,1.0,[20.915240360780558]
F82013,30,0,0.01,[21.12794943824565]
F82013,30,0,0.1,[21.065448814997353]
F82013,30,0,0.2,[21.065448814997353]
F82013,30,0,0.3,[21.065448814997353]
F82013,30,0,0.4,[21.065448814997353]
F82013,30,0,0.5,[21.04281888257799]
F82013,30,0,0.6,[21.04281888257799]
F82013,30,0,0.7,[21.0017419869655]
F82013,30,0,0.8,[21.0017419869655]
F82013,30,0,0.9,[21.0017419869655]
F82013,30,0,1.0,[21.0017419869655]
F82013,30,0,0.01,[21.247547563603803]
F82013,30,0,0.1,[21.170432412166747]
F82013,30,0,0.2,[21.052509685485916]
F82013,30,0,0.3,[21.052509685485916]
F82013,30,0,0.4,[20.962782823432008]
F82013,30,0,0.5,[20.962782823432008]
F82013,30,0,0.6,[20.962782823432008]
F82013,30,0,0.7,[20.962782823432008]
F82013,30,0,0.8,[20.962782823432008]
F82013,30,0,0.9,[20.962782823432008]
F82013,30,0,1.0,[20.962782823432008]
F82013,30,0,0.01,[21.148462877128168]
F82013,30,0,0.1,[21.061212081029907]
F82013,30,0,0.2,[20.918737030150282]
F82013,30,0,0.3,[20.858919685047795]
F82013,30,0,0.4,[20.858919685047795]
F82013,30,0,0.5,[20.858919685047795]
F82013,30,0,0.6,[20.858919685047795]
F82013,30,0,0.7,[20.858919685047795]
F82013,30,0,0.8,[20.858919685047795]
F82013,30,0,0.9,[20.858919685047795]
F82013,30,0,1.0,[20.858919685047795]
F82013,30,0,0.01,[21.213000193140942]
F82013,30,0,0.1,[21.013655603738698]
F82013,30,0,0.2,[21.013655603738698]
F82013,30,0,0.3,[21.013655603738698]
F82013,30,0,0.4,[21.013655603738698]
F82013,30,0,0.5,[21.013655603738698]
F82013,30,0,0.6,[21.013655603738698]
F82013,30,0,0.7,[21.013655603738698]
F82013,30,0,0.8,[20.962832117461517]
F82013,30,0,0.9,[20.962832117461517]
F82013,30,0,1.0,[20.962832117461517]
F82013,30,0,0.01,[21.169472024000243]
F82013,30,0,0.1,[21.011063093325674]
F82013,30,0,0.2,[21.011063093325674]
F82013,30,0,0.3,[20.990382106726088]
F82013,30,0,0.4,[20.990382106726088]
F82013,30,0,0.5,[20.990382106726088]
F82013,30,0,0.6,[20.897768530352664]
F82013,30,0,0.7,[20.897768530352664]
F82013,30,0,0.8,[20.897768530352664]
F82013,30,0,0.9,[20.897768530352664]
F82013,30,0,1.0,[20.897768530352664]
F82013,30,0,0.01,[21.142549820216686]
F82013,30,0,0.1,[21.01899131391508]
F82013,30,0,0.2,[21.01899131391508]
F82013,30,0,0.3,[21.01899131391508]
F82013,30,0,0.4,[21.01899131391508]
F82013,30,0,0.5,[21.01899131391508]
F82013,30,0,0.6,[20.991722489873382]
F82013,30,0,0.7,[20.991722489873382]
F82013,30,0,0.8,[20.991722489873382]
F82013,30,0,0.9,[20.991722489873382]
F82013,30,0,1.0,[20.991722489873382]
F82013,30,0,0.01,[21.185568075574793]
F82013,30,0,0.1,[21.02118730131258]
F82013,30,0,0.2,[21.02118730131258]
F82013,30,0,0.3,[21.007603562737586]
F82013,30,0,0.4,[21.007603562737586]
F82013,30,0,0.5,[20.883166431215386]
F82013,30,0,0.6,[20.883166431215386]
F82013,30,0,0.7,[20.883166431215386]
F82013,30,0,0.8,[20.883166431215386]
F82013,30,0,0.9,[20.883166431215386]
F82013,30,0,1.0,[20.883166431215386]
F82013,30,0,0.01,[21.216659838286205]
F82013,30,0,0.1,[21.10901920776473]
F82013,30,0,0.2,[21.10901920776473]
F82013,30,0,0.3,[21.032622190476104]
F82013,30,0,0.4,[21.032622190476104]
F82013,30,0,0.5,[21.02802857629797]
F82013,30,0,0.6,[21.02802857629797]
F82013,30,0,0.7,[21.02802857629797]
F82013,30,0,0.8,[21.02802857629797]
F82013,30,0,0.9,[21.02802857629797]
F82013,30,0,1.0,[21.013802089475007]
F82013,30,0,0.01,[21.14214178051941]
F82013,30,0,0.1,[21.072348672059547]
F82013,30,0,0.2,[20.975307221728258]
F82013,30,0,0.3,[20.9697163629221]
F82013,30,0,0.4,[20.9697163629221]
F82013,30,0,0.5,[20.9697163629221]
F82013,30,0,0.6,[20.9697163629221]
F82013,30,0,0.7,[20.9697163629221]
F82013,30,0,0.8,[20.9697163629221]
F82013,30,0,0.9,[20.9697163629221]
F82013,30,0,1.0,[20.9697163629221]
F82013,30,0,0.01,[21.157640450111558]
F82013,30,0,0.1,[21.076150053081733]
F82013,30,0,0.2,[21.058626820842505]
F82013,30,0,0.3,[21.058626820842505]
F82013,30,0,0.4,[21.058626820842505]
F82013,30,0,0.5,[21.058626820842505]
F82013,30,0,0.6,[20.971282545875397]
F82013,30,0,0.7,[20.971282545875397]
F82013,30,0,0.8,[20.971282545875397]
F82013,30,0,0.9,[20.971282545875397]
F82013,30,0,1.0,[20.971282545875397]
F82013,30,0,0.01,[21.095093403299984]
F82013,30,0,0.1,[21.095093403299984]
F82013,30,0,0.2,[21.07648026330594]
F82013,30,0,0.3,[21.05214889412173]
F82013,30,0,0.4,[21.05214889412173]
F82013,30,0,0.5,[21.04759302969262]
F82013,30,0,0.6,[21.04759302969262]
F82013,30,0,0.7,[21.04759302969262]
F82013,30,0,0.8,[21.04759302969262]
F82013,30,0,0.9,[21.0018868267955]
F82013,30,0,1.0,[21.0018868267955]
F82013,30,0,0.01,[21.155693329392193]
F82013,30,0,0.1,[21.062658383815005]
F82013,30,0,0.2,[21.02950605167439]
F82013,30,0,0.3,[20.98391587821675]
F82013,30,0,0.4,[20.979823660897978]
F82013,30,0,0.5,[20.933592503639943]
F82013,30,0,0.6,[20.933592503639943]
F82013,30,0,0.7,[20.933592503639943]
F82013,30,0,0.8,[20.933592503639943]
F82013,30,0,0.9,[20.933592503639943]
F82013,30,0,1.0,[20.933592503639943]
F82013,30,0,0.01,[20.96800295934736]
F82013,30,0,0.1,[20.96800295934736]
F82013,30,0,0.2,[20.96800295934736]
F82013,30,0,0.3,[20.96800295934736]
F82013,30,0,0.4,[20.96800295934736]
F82013,30,0,0.5,[20.96800295934736]
F82013,30,0,0.6,[20.96800295934736]
F82013,30,0,0.7,[20.96800295934736]
F82013,30,0,0.8,[20.96800295934736]
F82013,30,0,0.9,[20.96800295934736]
F82013,30,0,1.0,[20.96800295934736]
F82013,30,0,0.01,[21.071648280368663]
F82013,30,0,0.1,[21.071648280368663]
F82013,30,0,0.2,[20.99355037140697]
F82013,30,0,0.3,[20.99355037140697]
F82013,30,0,0.4,[20.967580410475193]
F82013,30,0,0.5,[20.967580410475193]
F82013,30,0,0.6,[20.967580410475193]
F82013,30,0,0.7,[20.967580410475193]
F82013,30,0,0.8,[20.949862291321097]
F82013,30,0,0.9,[20.949862291321097]
F82013,30,0,1.0,[20.949862291321097]
F82013,30,0,0.01,[21.177629852541145]
F82013,30,0,0.1,[21.111701862983523]
F82013,30,0,0.2,[21.073751138092575]
F82013,30,0,0.3,[21.070396977527594]
F82013,30,0,0.4,[21.05403179874645]
F82013,30,0,0.5,[21.05403179874645]
F82013,30,0,0.6,[21.05403179874645]
F82013,30,0,0.7,[21.05403179874645]
F82013,30,0,0.8,[21.04611173580031]
F82013,30,0,0.9,[21.04611173580031]
F82013,30,0,1.0,[21.04611173580031]
F82013,30,0,0.01,[21.20604681224893]
F82013,30,0,0.1,[21.10162305713436]
F82013,30,0,0.2,[21.10162305713436]
F82013,30,0,0.3,[21.10162305713436]
F82013,30,0,0.4,[20.991272265130192]
F82013,30,0,0.5,[20.991272265130192]
F82013,30,0,0.6,[20.991272265130192]
F82013,30,0,0.7,[20.991272265130192]
F82013,30,0,0.8,[20.991272265130192]
F82013,30,0,0.9,[20.82627734028506]
F82013,30,0,1.0,[20.82627734028506]
F82013,30,0,0.01,[21.040569470605533]
F82013,30,0,0.1,[21.040569470605533]
F82013,30,0,0.2,[20.919402125852912]
F82013,30,0,0.3,[20.919402125852912]
F82013,30,0,0.4,[20.919402125852912]
F82013,30,0,0.5,[20.87477524789483]
F82013,30,0,0.6,[20.87477524789483]
F82013,30,0,0.7,[20.87477524789483]
F82013,30,0,0.8,[20.87477524789483]
F82013,30,0,0.9,[20.87477524789483]
F82013,30,0,1.0,[20.87477524789483]
F82013,30,0,0.01,[21.14530628041973]
F82013,30,0,0.1,[21.09905228277296]
F82013,30,0,0.2,[21.09905228277296]
F82013,30,0,0.3,[21.051150146421264]
F82013,30,0,0.4,[21.047609559932084]
F82013,30,0,0.5,[21.016560909794066]
F82013,30,0,0.6,[21.016560909794066]
F82013,30,0,0.7,[21.016560909794066]
F82013,30,0,0.8,[21.016560909794066]
F82013,30,0,0.9,[21.016560909794066]
F82013,30,0,1.0,[21.016560909794066]
F82013,30,0,0.01,[21.22794092891661]
F82013,30,0,0.1,[21.001123326249626]
F82013,30,0,0.2,[21.001123326249626]
F82013,30,0,0.3,[21.001123326249626]
F82013,30,0,0.4,[20.994642659644114]
F82013,30,0,0.5,[20.994642659644114]
F82013,30,0,0.6,[20.994642659644114]
F82013,30,0,0.7,[20.994642659644114]
F82013,30,0,0.8,[20.994642659644114]
F82013,30,0,0.9,[20.994642659644114]
F82013,30,0,1.0,[20.994642659644114]
F82013,30,0,0.01,[21.073862033858518]
F82013,30,0,0.1,[21.03752538848846]
F82013,30,0,0.2,[21.03752538848846]
F82013,30,0,0.3,[21.03752538848846]
F82013,30,0,0.4,[21.03752538848846]
F82013,30,0,0.5,[21.03752538848846]
F82013,30,0,0.6,[21.00771457966607]
F82013,30,0,0.7,[20.91369463192291]
F82013,30,0,0.8,[20.91369463192291]
F82013,30,0,0.9,[20.91369463192291]
F82013,30,0,1.0,[20.91369463192291]
F82013,30,0,0.01,[21.133831489077124]
F82013,30,0,0.1,[21.08670623300293]
F82013,30,0,0.2,[21.071800380305717]
F82013,30,0,0.3,[20.92092638117481]
F82013,30,0,0.4,[20.92092638117481]
F82013,30,0,0.5,[20.92092638117481]
F82013,30,0,0.6,[20.92092638117481]
F82013,30,0,0.7,[20.92092638117481]
F82013,30,0,0.8,[20.92092638117481]
F82013,30,0,0.9,[20.92092638117481]
F82013,30,0,1.0,[20.92092638117481]
F82013,30,0,0.01,[21.21796328103403]
F82013,30,0,0.1,[20.957413170867653]
F82013,30,0,0.2,[20.957413170867653]
F82013,30,0,0.3,[20.957413170867653]
F82013,30,0,0.4,[20.957413170867653]
F82013,30,0,0.5,[20.957413170867653]
F82013,30,0,0.6,[20.957413170867653]
F82013,30,0,0.7,[20.957413170867653]
F82013,30,0,0.8,[20.957413170867653]
F82013,30,0,0.9,[20.957413170867653]
F82013,30,0,1.0,[20.957413170867653]
F82013,30,0,0.01,[21.134577725268628]
F82013,30,0,0.1,[21.134577725268628]
F82013,30,0,0.2,[21.036357026103587]
F82013,30,0,0.3,[20.97812237488938]
F82013,30,0,0.4,[20.97812237488938]
F82013,30,0,0.5,[20.97812237488938]
F82013,30,0,0.6,[20.97812237488938]
F82013,30,0,0.7,[20.97812237488938]
F82013,30,0,0.8,[20.97812237488938]
F82013,30,0,0.9,[20.97812237488938]
F82013,30,0,1.0,[20.97812237488938]
F82013,30,0,0.01,[21.096413745867494]
F82013,30,0,0.1,[21.02329077873503]
F82013,30,0,0.2,[20.932043497354584]
F82013,30,0,0.3,[20.932043497354584]
F82013,30,0,0.4,[20.932043497354584]
F82013,30,0,0.5,[20.932043497354584]
F82013,30,0,0.6,[20.932043497354584]
F82013,30,0,0.7,[20.932043497354584]
F82013,30,0,0.8,[20.932043497354584]
F82013,30,0,0.9,[20.932043497354584]
F82013,30,0,1.0,[20.932043497354584]
F82013,30,0,0.01,[21.194400003222313]
F82013,30,0,0.1,[21.085304129056226]
F82013,30,0,0.2,[21.069859605175566]
F82013,30,0,0.3,[20.988038843214326]
F82013,30,0,0.4,[20.988038843214326]
F82013,30,0,0.5,[20.988038843214326]
F82013,30,0,0.6,[20.982116788690632]
F82013,30,0,0.7,[20.982116788690632]
F82013,30,0,0.8,[20.982116788690632]
F82013,30,0,0.9,[20.982116788690632]
F82013,30,0,1.0,[20.982116788690632]
F82013,30,0,0.01,[21.10640952068036]
F82013,30,0,0.1,[21.038400056679507]
F82013,30,0,0.2,[21.038400056679507]
F82013,30,0,0.3,[20.95523639607677]
F82013,30,0,0.4,[20.95523639607677]
F82013,30,0,0.5,[20.939656545928642]
F82013,30,0,0.6,[20.939656545928642]
F82013,30,0,0.7,[20.939656545928642]
F82013,30,0,0.8,[20.939656545928642]
F82013,30,0,0.9,[20.939656545928642]
F82013,30,0,1.0,[20.939656545928642]
F82013,30,0,0.01,[21.10748590969922]
F82013,30,0,0.1,[21.041685471572123]
F82013,30,0,0.2,[21.029732917880438]
F82013,30,0,0.3,[21.029732917880438]
F82013,30,0,0.4,[20.9815825157782]
F82013,30,0,0.5,[20.9815825157782]
F82013,30,0,0.6,[20.9815825157782]
F82013,30,0,0.7,[20.9815825157782]
F82013,30,0,0.8,[20.94647831258078]
F82013,30,0,0.9,[20.94647831258078]
F82013,30,0,1.0,[20.94647831258078]
F82013,30,0,0.01,[21.072922537450495]
F82013,30,0,0.1,[21.072922537450495]
F82013,30,0,0.2,[20.99116247760753]
F82013,30,0,0.3,[20.99116247760753]
F82013,30,0,0.4,[20.99116247760753]
F82013,30,0,0.5,[20.99116247760753]
F82013,30,0,0.6,[20.99116247760753]
F82013,30,0,0.7,[20.99116247760753]
F82013,30,0,0.8,[20.99116247760753]
F82013,30,0,0.9,[20.904249614403625]
F82013,30,0,1.0,[20.904249614403625]
F82013,30,0,0.01,[21.21405808763609]
F82013,30,0,0.1,[21.03684639669723]
F82013,30,0,0.2,[20.98178008964328]
F82013,30,0,0.3,[20.98178008964328]
F82013,30,0,0.4,[20.98178008964328]
F82013,30,0,0.5,[20.98178008964328]
F82013,30,0,0.6,[20.97305055696927]
F82013,30,0,0.7,[20.97305055696927]
F82013,30,0,0.8,[20.97305055696927]
F82013,30,0,0.9,[20.97305055696927]
F82013,30,0,1.0,[20.959450638537646]
F82013,30,0,0.01,[21.17952559359071]
F82013,30,0,0.1,[21.09944940716366]
F82013,30,0,0.2,[21.054120988656223]
F82013,30,0,0.3,[21.054120988656223]
F82013,30,0,0.4,[20.99603524663894]
F82013,30,0,0.5,[20.99603524663894]
F82013,30,0,0.6,[20.99603524663894]
F82013,30,0,0.7,[20.947551070160785]
F82013,30,0,0.8,[20.947551070160785]
F82013,30,0,0.9,[20.947551070160785]
F82013,30,0,1.0,[20.947551070160785]
F82013,30,0,0.01,[21.118815620193118]
F82013,30,0,0.1,[21.101237972852573]
F82013,30,0,0.2,[21.06734866760371]
F82013,30,0,0.3,[21.03369802125576]
F82013,30,0,0.4,[21.025501381003437]
F82013,30,0,0.5,[21.025501381003437]
F82013,30,0,0.6,[21.025501381003437]
F82013,30,0,0.7,[21.001907457214998]
F82013,30,0,0.8,[21.001907457214998]
F82013,30,0,0.9,[21.001907457214998]
F82013,30,0,1.0,[21.001907457214998]
F82013,30,0,0.01,[21.161089182837145]
F82013,30,0,0.1,[21.05922175291255]
F82013,30,0,0.2,[20.974587168588528]
F82013,30,0,0.3,[20.974587168588528]
F82013,30,0,0.4,[20.974587168588528]
F82013,30,0,0.5,[20.974587168588528]
F82013,30,0,0.6,[20.974587168588528]
F82013,30,0,0.7,[20.974587168588528]
F82013,30,0,0.8,[20.93026539195705]
F82013,30,0,0.9,[20.93026539195705]
F82013,30,0,1.0,[20.93026539195705]
F82013,30,0,0.01,[21.188443247360397]
F82013,30,0,0.1,[21.07421246412673]
F82013,30,0,0.2,[21.07421246412673]
F82013,30,0,0.3,[21.063799085221945]
F82013,30,0,0.4,[21.063799085221945]
F82013,30,0,0.5,[21.05861870686431]
F82013,30,0,0.6,[21.02327422305177]
F82013,30,0,0.7,[21.02327422305177]
F82013,30,0,0.8,[20.979685844000528]
F82013,30,0,0.9,[20.979685844000528]
F82013,30,0,1.0,[20.979685844000528]
F82013,30,0,0.01,[21.099416793024034]
F82013,30,0,0.1,[21.003970819287588]
F82013,30,0,0.2,[21.003970819287588]
F82013,30,0,0.3,[21.003970819287588]
F82013,30,0,0.4,[21.003970819287588]
F82013,30,0,0.5,[21.003970819287588]
F82013,30,0,0.6,[21.003970819287588]
F82013,30,0,0.7,[21.003970819287588]
F82013,30,0,0.8,[21.003970819287588]
F82013,30,0,0.9,[21.003970819287588]
F82013,30,0,1.0,[21.003970819287588]
F82013,30,0,0.01,[21.234938396465964]
F82013,30,0,0.1,[21.11213978135197]
F82013,30,0,0.2,[21.00119880053785]
F82013,30,0,0.3,[21.00119880053785]
F82013,30,0,0.4,[21.00119880053785]
F82013,30,0,0.5,[21.00119880053785]
F82013,30,0,0.6,[21.00119880053785]
F82013,30,0,0.7,[20.935536830537558]
F82013,30,0,0.8,[20.935536830537558]
F82013,30,0,0.9,[20.935536830537558]
F82013,30,0,1.0,[20.935536830537558]
F82013,30,0,0.01,[21.11006958518169]
F82013,30,0,0.1,[21.053502827906186]
F82013,30,0,0.2,[21.029170457403552]
F82013,30,0,0.3,[20.887359522468728]
F82013,30,0,0.4,[20.887359522468728]
F82013,30,0,0.5,[20.887359522468728]
F82013,30,0,0.6,[20.887359522468728]
F82013,30,0,0.7,[20.887359522468728]
F82013,30,0,0.8,[20.887359522468728]
F82013,30,0,0.9,[20.887359522468728]
F82013,30,0,1.0,[20.887359522468728]
F82013,30,0,0.01,[21.234262342047714]
F82013,30,0,0.1,[21.090100364149407]
F82013,30,0,0.2,[21.004473883216292]
F82013,30,0,0.3,[21.004473883216292]
F82013,30,0,0.4,[21.004473883216292]
F82013,30,0,0.5,[21.004473883216292]
F82013,30,0,0.6,[21.004473883216292]
F82013,30,0,0.7,[21.004473883216292]
F82013,30,0,0.8,[21.004473883216292]
F82013,30,0,0.9,[21.004473883216292]
F82013,30,0,1.0,[21.004473883216292]
F82013,30,0,0.01,[21.184294272138345]
F82013,30,0,0.1,[21.134313084223777]
F82013,30,0,0.2,[21.069197955095433]
F82013,30,0,0.3,[21.024462991524615]
F82013,30,0,0.4,[21.024462991524615]
F82013,30,0,0.5,[21.024462991524615]
F82013,30,0,0.6,[21.024462991524615]
F82013,30,0,0.7,[20.980787489992053]
F82013,30,0,0.8,[20.980787489992053]
F82013,30,0,0.9,[20.932314999555956]
F82013,30,0,1.0,[20.932314999555956]
F82013,30,0,0.01,[21.171322136464823]
F82013,30,0,0.1,[21.087311146930688]
F82013,30,0,0.2,[20.967989211367012]
F82013,30,0,0.3,[20.967989211367012]
F82013,30,0,0.4,[20.939368934064532]
F82013,30,0,0.5,[20.939368934064532]
F82013,30,0,0.6,[20.939368934064532]
F82013,30,0,0.7,[20.939368934064532]
F82013,30,0,0.8,[20.939368934064532]
F82013,30,0,0.9,[20.939368934064532]
F82013,30,0,1.0,[20.939368934064532]
F82013,30,0,0.01,[21.162003751177394]
F82013,30,0,0.1,[21.092564661521806]
F82013,30,0,0.2,[21.00600281269135]
F82013,30,0,0.3,[21.00600281269135]
F82013,30,0,0.4,[21.00600281269135]
F82013,30,0,0.5,[21.00600281269135]
F82013,30,0,0.6,[20.9936280403341]
F82013,30,0,0.7,[20.9936280403341]
F82013,30,0,0.8,[20.9936280403341]
F82013,30,0,0.9,[20.944954502399696]
F82013,30,0,1.0,[20.944954502399696]
F82013,30,0,0.01,[21.097644758548995]
F82013,30,0,0.1,[21.042524784417196]
F82013,30,0,0.2,[21.031983672695333]
F82013,30,0,0.3,[21.031983672695333]
F82013,30,0,0.4,[21.031983672695333]
F82013,30,0,0.5,[21.031983672695333]
F82013,30,0,0.6,[20.986752925269684]
F82013,30,0,0.7,[20.986752925269684]
F82013,30,0,0.8,[20.968983564605765]
F82013,30,0,0.9,[20.968983564605765]
F82013,30,0,1.0,[20.945235820769085]
F82013,30,0,0.01,[21.08503741200957]
F82013,30,0,0.1,[20.884989932339295]
F82013,30,0,0.2,[20.884989932339295]
F82013,30,0,0.3,[20.884989932339295]
F82013,30,0,0.4,[20.879936487513078]
F82013,30,0,0.5,[20.879936487513078]
F82013,30,0,0.6,[20.879936487513078]
F82013,30,0,0.7,[20.879936487513078]
F82013,30,0,0.8,[20.879936487513078]
F82013,30,0,0.9,[20.879936487513078]
F82013,30,0,1.0,[20.879936487513078]
F82013,30,0,0.01,[21.02438412102947]
F82013,30,0,0.1,[21.02438412102947]
F82013,30,0,0.2,[21.02438412102947]
F82013,30,0,0.3,[20.968170825547304]
F82013,30,0,0.4,[20.968170825547304]
F82013,30,0,0.5,[20.968170825547304]
F82013,30,0,0.6,[20.968170825547304]
F82013,30,0,0.7,[20.968170825547304]
F82013,30,0,0.8,[20.968170825547304]
F82013,30,0,0.9,[20.968170825547304]
F82013,30,0,1.0,[20.968170825547304]
F82013,30,0,0.01,[21.171263107370578]
F82013,30,0,0.1,[21.128267383155162]
F82013,30,0,0.2,[21.093475384089402]
F82013,30,0,0.3,[21.07117621650457]
F82013,30,0,0.4,[20.964392890351633]
F82013,30,0,0.5,[20.964392890351633]
F82013,30,0,0.6,[20.964392890351633]
F82013,30,0,0.7,[20.964392890351633]
F82013,30,0,0.8,[20.964392890351633]
F82013,30,0,0.9,[20.964392890351633]
F82013,30,0,1.0,[20.964392890351633]
F82013,30,0,0.01,[21.07420760942523]
F82013,30,0,0.1,[21.002602784733767]
F82013,30,0,0.2,[21.002602784733767]
F82013,30,0,0.3,[21.002602784733767]
F82013,30,0,0.4,[21.002602784733767]
F82013,30,0,0.5,[21.002602784733767]
F82013,30,0,0.6,[20.948775338342443]
F82013,30,0,0.7,[20.948775338342443]
F82013,30,0,0.8,[20.948775338342443]
F82013,30,0,0.9,[20.948775338342443]
F82013,30,0,1.0,[20.948775338342443]
F82013,30,0,0.01,[21.169685748570487]
F82013,30,0,0.1,[21.087019281131916]
F82013,30,0,0.2,[21.087019281131916]
F82013,30,0,0.3,[21.087019281131916]
F82013,30,0,0.4,[21.037338981187645]
F82013,30,0,0.5,[21.037338981187645]
F82013,30,0,0.6,[21.037338981187645]
F82013,30,0,0.7,[20.86525328614391]
F82013,30,0,0.8,[20.86525328614391]
F82013,30,0,0.9,[20.86525328614391]
F82013,30,0,1.0,[20.86525328614391]
F82013,30,0,0.01,[21.147641182165216]
F82013,30,0,0.1,[21.099102970726108]
F82013,30,0,0.2,[20.985870334659694]
F82013,30,0,0.3,[20.985870334659694]
F82013,30,0,0.4,[20.985870334659694]
F82013,30,0,0.5,[20.972388982140046]
F82013,30,0,0.6,[20.972388982140046]
F82013,30,0,0.7,[20.972388982140046]
F82013,30,0,0.8,[20.972388982140046]
F82013,30,0,0.9,[20.972388982140046]
F82013,30,0,1.0,[20.972388982140046]
F82013,50,0,0.01,[21.245239679855672]
F82013,50,0,0.1,[21.21879137865608]
F82013,50,0,0.2,[21.185029854351]
F82013,50,0,0.3,[21.185029854351]
F82013,50,0,0.4,[21.185029854351]
F82013,50,0,0.5,[21.185029854351]
F82013,50,0,0.6,[21.185029854351]
F82013,50,0,0.7,[21.185029854351]
F82013,50,0,0.8,[21.185029854351]
F82013,50,0,0.9,[21.17860866225442]
F82013,50,0,1.0,[21.17860866225442]
F82013,50,0,0.01,[21.27118875478743]
F82013,50,0,0.1,[21.255352125418312]
F82013,50,0,0.2,[21.251867348824476]
F82013,50,0,0.3,[21.169794949610264]
F82013,50,0,0.4,[21.169794949610264]
F82013,50,0,0.5,[21.169794949610264]
F82013,50,0,0.6,[21.169794949610264]
F82013,50,0,0.7,[21.125552617937046]
F82013,50,0,0.8,[21.125552617937046]
F82013,50,0,0.9,[21.125552617937046]
F82013,50,0,1.0,[21.125552617937046]
F82013,50,0,0.01,[21.273133608239277]
F82013,50,0,0.1,[21.205246202331864]
F82013,50,0,0.2,[21.150067241960528]
F82013,50,0,0.3,[21.150067241960528]
F82013,50,0,0.4,[21.150067241960528]
F82013,50,0,0.5,[21.150067241960528]
F82013,50,0,0.6,[21.150067241960528]
F82013,50,0,0.7,[21.147754070562996]
F82013,50,0,0.8,[21.147754070562996]
F82013,50,0,0.9,[21.147754070562996]
F82013,50,0,1.0,[21.147754070562996]
F82013,50,0,0.01,[21.25788132027151]
F82013,50,0,0.1,[21.25788132027151]
F82013,50,0,0.2,[21.225484946430583]
F82013,50,0,0.3,[21.17108413814958]
F82013,50,0,0.4,[21.14585548332559]
F82013,50,0,0.5,[21.14585548332559]
F82013,50,0,0.6,[21.14585548332559]
F82013,50,0,0.7,[21.14585548332559]
F82013,50,0,0.8,[21.14585548332559]
F82013,50,0,0.9,[21.14585548332559]
F82013,50,0,1.0,[21.14585548332559]
F82013,50,0,0.01,[21.31017214697465]
F82013,50,0,0.1,[21.197557783741672]
F82013,50,0,0.2,[21.197557783741672]
F82013,50,0,0.3,[21.197557783741672]
F82013,50,0,0.4,[21.197557783741672]
F82013,50,0,0.5,[21.197557783741672]
F82013,50,0,0.6,[21.181642409979986]
F82013,50,0,0.7,[21.181642409979986]
F82013,50,0,0.8,[21.159802340531883]
F82013,50,0,0.9,[21.159802340531883]
F82013,50,0,1.0,[21.159802340531883]
F82013,50,0,0.01,[21.3070799569432]
F82013,50,0,0.1,[21.21881378312446]
F82013,50,0,0.2,[21.21881378312446]
F82013,50,0,0.3,[21.21881378312446]
F82013,50,0,0.4,[21.21881378312446]
F82013,50,0,0.5,[21.211675092050996]
F82013,50,0,0.6,[21.211675092050996]
F82013,50,0,0.7,[21.165092260099414]
F82013,50,0,0.8,[21.165092260099414]
F82013,50,0,0.9,[21.165092260099414]
F82013,50,0,1.0,[21.165092260099414]
F82013,50,0,0.01,[21.25090807429808]
F82013,50,0,0.1,[21.125455786726206]
F82013,50,0,0.2,[21.125455786726206]
F82013,50,0,0.3,[21.125455786726206]
F82013,50,0,0.4,[21.125455786726206]
F82013,50,0,0.5,[21.125455786726206]
F82013,50,0,0.6,[21.125455786726206]
F82013,50,0,0.7,[21.125455786726206]
F82013,50,0,0.8,[21.125455786726206]
F82013,50,0,0.9,[21.125455786726206]
F82013,50,0,1.0,[21.125455786726206]
F82013,50,0,0.01,[21.256294698215584]
F82013,50,0,0.1,[21.086423979733695]
F82013,50,0,0.2,[21.086423979733695]
F82013,50,0,0.3,[21.086423979733695]
F82013,50,0,0.4,[21.086423979733695]
F82013,50,0,0.5,[21.086423979733695]
F82013,50,0,0.6,[21.086423979733695]
F82013,50,0,0.7,[21.086423979733695]
F82013,50,0,0.8,[21.086423979733695]
F82013,50,0,0.9,[21.086423979733695]
F82013,50,0,1.0,[21.086423979733695]
F82013,50,0,0.01,[21.307143808467686]
F82013,50,0,0.1,[21.258918593224507]
F82013,50,0,0.2,[21.19333483777666]
F82013,50,0,0.3,[21.19333483777666]
F82013,50,0,0.4,[21.121997724524476]
F82013,50,0,0.5,[21.121997724524476]
F82013,50,0,0.6,[21.121997724524476]
F82013,50,0,0.7,[21.121997724524476]
F82013,50,0,0.8,[21.121997724524476]
F82013,50,0,0.9,[21.121997724524476]
F82013,50,0,1.0,[21.121997724524476]
F82013,50,0,0.01,[21.248475291833984]
F82013,50,0,0.1,[21.219672627725117]
F82013,50,0,0.2,[21.219672627725117]
F82013,50,0,0.3,[21.16750889015418]
F82013,50,0,0.4,[21.16750889015418]
F82013,50,0,0.5,[21.16750889015418]
F82013,50,0,0.6,[21.16750889015418]
F82013,50,0,0.7,[21.16750889015418]
F82013,50,0,0.8,[21.16750889015418]
F82013,50,0,0.9,[21.16750889015418]
F82013,50,0,1.0,[21.16750889015418]
F82013,50,0,0.01,[21.245886804881934]
F82013,50,0,0.1,[21.178613774246287]
F82013,50,0,0.2,[21.178613774246287]
F82013,50,0,0.3,[21.073350249987925]
F82013,50,0,0.4,[21.073350249987925]
F82013,50,0,0.5,[21.073350249987925]
F82013,50,0,0.6,[21.073350249987925]
F82013,50,0,0.7,[21.073350249987925]
F82013,50,0,0.8,[21.073350249987925]
F82013,50,0,0.9,[21.073350249987925]
F82013,50,0,1.0,[21.073350249987925]
F82013,50,0,0.01,[21.30797917361076]
F82013,50,0,0.1,[21.25116797617852]
F82013,50,0,0.2,[21.14943236791794]
F82013,50,0,0.3,[21.14943236791794]
F82013,50,0,0.4,[21.14943236791794]
F82013,50,0,0.5,[21.14943236791794]
F82013,50,0,0.6,[21.14943236791794]
F82013,50,0,0.7,[21.14943236791794]
F82013,50,0,0.8,[21.14943236791794]
F82013,50,0,0.9,[21.12651838105205]
F82013,50,0,1.0,[21.12651838105205]
F82013,50,0,0.01,[21.29014136935905]
F82013,50,0,0.1,[21.244441051941976]
F82013,50,0,0.2,[21.147942275922105]
F82013,50,0,0.3,[21.147942275922105]
F82013,50,0,0.4,[21.147942275922105]
F82013,50,0,0.5,[21.147942275922105]
F82013,50,0,0.6,[21.147942275922105]
F82013,50,0,0.7,[21.147942275922105]
F82013,50,0,0.8,[21.147942275922105]
F82013,50,0,0.9,[21.147942275922105]
F82013,50,0,1.0,[21.147942275922105]
F82013,50,0,0.01,[21.326271616171084]
F82013,50,0,0.1,[21.178709447021674]
F82013,50,0,0.2,[21.174023334574713]
F82013,50,0,0.3,[21.174023334574713]
F82013,50,0,0.4,[21.163181755685514]
F82013,50,0,0.5,[21.163181755685514]
F82013,50,0,0.6,[21.163181755685514]
F82013,50,0,0.7,[21.163181755685514]
F82013,50,0,0.8,[21.163181755685514]
F82013,50,0,0.9,[21.163181755685514]
F82013,50,0,1.0,[21.163181755685514]
F82013,50,0,0.01,[21.280970126950365]
F82013,50,0,0.1,[21.185956204573245]
F82013,50,0,0.2,[21.02862932096241]
F82013,50,0,0.3,[21.02862932096241]
F82013,50,0,0.4,[21.02862932096241]
F82013,50,0,0.5,[21.02862932096241]
F82013,50,0,0.6,[21.02862932096241]
F82013,50,0,0.7,[21.02862932096241]
F82013,50,0,0.8,[21.02862932096241]
F82013,50,0,0.9,[21.02862932096241]
F82013,50,0,1.0,[21.02862932096241]
F82013,50,0,0.01,[21.316565746577112]
F82013,50,0,0.1,[21.25665457908599]
F82013,50,0,0.2,[21.247812370077895]
F82013,50,0,0.3,[21.189066732735228]
F82013,50,0,0.4,[21.189066732735228]
F82013,50,0,0.5,[21.189066732735228]
F82013,50,0,0.6,[21.189066732735228]
F82013,50,0,0.7,[21.189066732735228]
F82013,50,0,0.8,[21.189066732735228]
F82013,50,0,0.9,[21.189066732735228]
F82013,50,0,1.0,[21.189066732735228]
F82013,50,0,0.01,[21.250666085697276]
F82013,50,0,0.1,[21.22388151903806]
F82013,50,0,0.2,[21.22388151903806]
F82013,50,0,0.3,[21.189902823127113]
F82013,50,0,0.4,[21.189902823127113]
F82013,50,0,0.5,[21.18536260201131]
F82013,50,0,0.6,[21.18536260201131]
F82013,50,0,0.7,[21.18536260201131]
F82013,50,0,0.8,[21.166934781923715]
F82013,50,0,0.9,[21.166934781923715]
F82013,50,0,1.0,[21.166934781923715]
F82013,50,0,0.01,[21.32861659170976]
F82013,50,0,0.1,[21.22840271046732]
F82013,50,0,0.2,[21.183666248183954]
F82013,50,0,0.3,[21.183666248183954]
F82013,50,0,0.4,[21.183666248183954]
F82013,50,0,0.5,[21.183666248183954]
F82013,50,0,0.6,[21.183666248183954]
F82013,50,0,0.7,[21.183666248183954]
F82013,50,0,0.8,[21.183666248183954]
F82013,50,0,0.9,[21.183666248183954]
F82013,50,0,1.0,[21.183666248183954]
F82013,50,0,0.01,[21.284612084445712]
F82013,50,0,0.1,[21.206162922757926]
F82013,50,0,0.2,[21.200062037145585]
F82013,50,0,0.3,[21.191326770040064]
F82013,50,0,0.4,[21.191326770040064]
F82013,50,0,0.5,[21.191326770040064]
F82013,50,0,0.6,[21.183617324832994]
F82013,50,0,0.7,[21.183617324832994]
F82013,50,0,0.8,[21.14288851337369]
F82013,50,0,0.9,[21.14288851337369]
F82013,50,0,1.0,[21.14288851337369]
F82013,50,0,0.01,[21.22187011404276]
F82013,50,0,0.1,[21.207969911226883]
F82013,50,0,0.2,[21.207969911226883]
F82013,50,0,0.3,[21.15230067277696]
F82013,50,0,0.4,[21.10685462884146]
F82013,50,0,0.5,[21.10685462884146]
F82013,50,0,0.6,[21.10685462884146]
F82013,50,0,0.7,[21.10685462884146]
F82013,50,0,0.8,[21.10685462884146]
F82013,50,0,0.9,[21.10685462884146]
F82013,50,0,1.0,[21.10685462884146]
F82013,50,0,0.01,[21.2783709224708]
F82013,50,0,0.1,[21.192407421568305]
F82013,50,0,0.2,[21.18801462548754]
F82013,50,0,0.3,[21.13375867172806]
F82013,50,0,0.4,[21.13375867172806]
F82013,50,0,0.5,[21.13375867172806]
F82013,50,0,0.6,[21.13375867172806]
F82013,50,0,0.7,[21.13375867172806]
F82013,50,0,0.8,[21.13375867172806]
F82013,50,0,0.9,[21.13375867172806]
F82013,50,0,1.0,[21.13375867172806]
F82013,50,0,0.01,[21.29982617227779]
F82013,50,0,0.1,[21.226572752587344]
F82013,50,0,0.2,[21.22218278516266]
F82013,50,0,0.3,[21.220975040474514]
F82013,50,0,0.4,[21.212977228262275]
F82013,50,0,0.5,[21.212977228262275]
F82013,50,0,0.6,[21.212977228262275]
F82013,50,0,0.7,[21.123080936760857]
F82013,50,0,0.8,[21.123080936760857]
F82013,50,0,0.9,[21.123080936760857]
F82013,50,0,1.0,[21.123080936760857]
F82013,50,0,0.01,[21.34729300993763]
F82013,50,0,0.1,[21.194548497371898]
F82013,50,0,0.2,[21.194548497371898]
F82013,50,0,0.3,[21.194548497371898]
F82013,50,0,0.4,[21.194548497371898]
F82013,50,0,0.5,[21.179631973313917]
F82013,50,0,0.6,[21.179631973313917]
F82013,50,0,0.7,[21.179631973313917]
F82013,50,0,0.8,[21.179631973313917]
F82013,50,0,0.9,[21.159548892030784]
F82013,50,0,1.0,[21.159548892030784]
F82013,50,0,0.01,[21.322559629252282]
F82013,50,0,0.1,[21.11970037483013]
F82013,50,0,0.2,[21.11970037483013]
F82013,50,0,0.3,[21.11970037483013]
F82013,50,0,0.4,[21.11970037483013]
F82013,50,0,0.5,[21.11970037483013]
F82013,50,0,0.6,[21.11970037483013]
F82013,50,0,0.7,[21.11970037483013]
F82013,50,0,0.8,[21.11970037483013]
F82013,50,0,0.9,[21.11970037483013]
F82013,50,0,1.0,[21.11970037483013]
F82013,50,0,0.01,[21.22022440752619]
F82013,50,0,0.1,[21.22022440752619]
F82013,50,0,0.2,[21.22022440752619]
F82013,50,0,0.3,[21.22022440752619]
F82013,50,0,0.4,[21.133236095809593]
F82013,50,0,0.5,[21.133236095809593]
F82013,50,0,0.6,[21.095115348567447]
F82013,50,0,0.7,[21.095115348567447]
F82013,50,0,0.8,[21.095115348567447]
F82013,50,0,0.9,[21.095115348567447]
F82013,50,0,1.0,[21.095115348567447]
F82013,50,0,0.01,[21.239102396280828]
F82013,50,0,0.1,[21.221443967134064]
F82013,50,0,0.2,[21.17414566383161]
F82013,50,0,0.3,[21.17414566383161]
F82013,50,0,0.4,[21.17414566383161]
F82013,50,0,0.5,[21.17414566383161]
F82013,50,0,0.6,[21.17414566383161]
F82013,50,0,0.7,[21.039391886697103]
F82013,50,0,0.8,[21.039391886697103]
F82013,50,0,0.9,[21.039391886697103]
F82013,50,0,1.0,[21.039391886697103]
F82013,50,0,0.01,[21.283246269802135]
F82013,50,0,0.1,[21.215834139599565]
F82013,50,0,0.2,[21.215834139599565]
F82013,50,0,0.3,[21.215834139599565]
F82013,50,0,0.4,[21.215834139599565]
F82013,50,0,0.5,[21.215834139599565]
F82013,50,0,0.6,[21.204000283118035]
F82013,50,0,0.7,[21.204000283118035]
F82013,50,0,0.8,[21.1440134830259]
F82013,50,0,0.9,[21.1440134830259]
F82013,50,0,1.0,[21.1440134830259]
F82013,50,0,0.01,[21.290112458138992]
F82013,50,0,0.1,[21.25325050952506]
F82013,50,0,0.2,[21.213749614706217]
F82013,50,0,0.3,[21.213749614706217]
F82013,50,0,0.4,[21.119968188659527]
F82013,50,0,0.5,[21.119968188659527]
F82013,50,0,0.6,[21.119968188659527]
F82013,50,0,0.7,[21.119968188659527]
F82013,50,0,0.8,[21.119968188659527]
F82013,50,0,0.9,[21.119968188659527]
F82013,50,0,1.0,[21.119968188659527]
F82013,50,0,0.01,[21.2498332569387]
F82013,50,0,0.1,[21.232095324395686]
F82013,50,0,0.2,[21.183399178029617]
F82013,50,0,0.3,[21.17540375471185]
F82013,50,0,0.4,[21.148139433620713]
F82013,50,0,0.5,[21.148139433620713]
F82013,50,0,0.6,[21.148139433620713]
F82013,50,0,0.7,[21.148139433620713]
F82013,50,0,0.8,[21.148139433620713]
F82013,50,0,0.9,[21.148139433620713]
F82013,50,0,1.0,[21.073816000544298]
F82013,50,0,0.01,[21.333889941081225]
F82013,50,0,0.1,[21.208062102872532]
F82013,50,0,0.2,[21.208062102872532]
F82013,50,0,0.3,[21.208062102872532]
F82013,50,0,0.4,[21.1726030290763]
F82013,50,0,0.5,[21.1726030290763]
F82013,50,0,0.6,[21.1726030290763]
F82013,50,0,0.7,[21.1726030290763]
F82013,50,0,0.8,[21.1726030290763]
F82013,50,0,0.9,[21.1726030290763]
F82013,50,0,1.0,[21.1726030290763]
F82013,50,0,0.01,[21.31588017396382]
F82013,50,0,0.1,[21.223382814498336]
F82013,50,0,0.2,[21.190770281449204]
F82013,50,0,0.3,[21.063215489346476]
F82013,50,0,0.4,[21.063215489346476]
F82013,50,0,0.5,[21.063215489346476]
F82013,50,0,0.6,[21.063215489346476]
F82013,50,0,0.7,[21.063215489346476]
F82013,50,0,0.8,[21.063215489346476]
F82013,50,0,0.9,[21.063215489346476]
F82013,50,0,1.0,[21.063215489346476]
F82013,50,0,0.01,[21.22708727869076]
F82013,50,0,0.1,[21.193729247120473]
F82013,50,0,0.2,[21.193729247120473]
F82013,50,0,0.3,[21.193729247120473]
F82013,50,0,0.4,[21.193729247120473]
F82013,50,0,0.5,[21.193729247120473]
F82013,50,0,0.6,[21.193729247120473]
F82013,50,0,0.7,[21.191538307485416]
F82013,50,0,0.8,[21.191538307485416]
F82013,50,0,0.9,[21.156640171716617]
F82013,50,0,1.0,[21.156640171716617]
F82013,50,0,0.01,[21.28655587003334]
F82013,50,0,0.1,[21.270382274281246]
F82013,50,0,0.2,[21.201218964712552]
F82013,50,0,0.3,[21.201218964712552]
F82013,50,0,0.4,[21.201218964712552]
F82013,50,0,0.5,[21.12929060027625]
F82013,50,0,0.6,[21.12929060027625]
F82013,50,0,0.7,[21.12929060027625]
F82013,50,0,0.8,[21.12929060027625]
F82013,50,0,0.9,[21.12929060027625]
F82013,50,0,1.0,[21.12929060027625]
F82013,50,0,0.01,[21.305782372964472]
F82013,50,0,0.1,[21.231619165278516]
F82013,50,0,0.2,[21.211209336181355]
F82013,50,0,0.3,[21.211209336181355]
F82013,50,0,0.4,[21.192877638961818]
F82013,50,0,0.5,[21.192877638961818]
F82013,50,0,0.6,[21.192877638961818]
F82013,50,0,0.7,[21.11901094666632]
F82013,50,0,0.8,[21.09603602743948]
F82013,50,0,0.9,[21.09603602743948]
F82013,50,0,1.0,[21.09603602743948]
F82013,50,0,0.01,[21.294434783624865]
F82013,50,0,0.1,[21.20173986669988]
F82013,50,0,0.2,[21.20173986669988]
F82013,50,0,0.3,[21.149536251167206]
F82013,50,0,0.4,[21.1482172909607]
F82013,50,0,0.5,[21.1482172909607]
F82013,50,0,0.6,[21.1482172909607]
F82013,50,0,0.7,[21.1482172909607]
F82013,50,0,0.8,[21.07532780199824]
F82013,50,0,0.9,[21.07532780199824]
F82013,50,0,1.0,[21.07532780199824]
F82013,50,0,0.01,[21.317559432163875]
F82013,50,0,0.1,[21.20475216759928]
F82013,50,0,0.2,[21.20475216759928]
F82013,50,0,0.3,[21.20475216759928]
F82013,50,0,0.4,[21.172754963648686]
F82013,50,0,0.5,[21.172754963648686]
F82013,50,0,0.6,[21.172754963648686]
F82013,50,0,0.7,[21.172754963648686]
F82013,50,0,0.8,[21.172754963648686]
F82013,50,0,0.9,[21.172754963648686]
F82013,50,0,1.0,[21.172754963648686]
F82013,50,0,0.01,[21.2550512847223]
F82013,50,0,0.1,[21.149996460843795]
F82013,50,0,0.2,[21.149996460843795]
F82013,50,0,0.3,[21.149996460843795]
F82013,50,0,0.4,[21.149996460843795]
F82013,50,0,0.5,[21.149996460843795]
F82013,50,0,0.6,[21.149996460843795]
F82013,50,0,0.7,[21.149996460843795]
F82013,50,0,0.8,[21.149996460843795]
F82013,50,0,0.9,[21.149996460843795]
F82013,50,0,1.0,[21.145205886454846]
F82013,50,0,0.01,[21.306280909532006]
F82013,50,0,0.1,[21.122108191936377]
F82013,50,0,0.2,[21.122108191936377]
F82013,50,0,0.3,[21.122108191936377]
F82013,50,0,0.4,[21.122108191936377]
F82013,50,0,0.5,[21.122108191936377]
F82013,50,0,0.6,[21.122108191936377]
F82013,50,0,0.7,[21.122108191936377]
F82013,50,0,0.8,[21.122108191936377]
F82013,50,0,0.9,[21.122108191936377]
F82013,50,0,1.0,[21.122108191936377]
F82013,50,0,0.01,[21.3042036892856]
F82013,50,0,0.1,[21.181222128538366]
F82013,50,0,0.2,[21.181222128538366]
F82013,50,0,0.3,[21.181222128538366]
F82013,50,0,0.4,[21.181222128538366]
F82013,50,0,0.5,[21.181222128538366]
F82013,50,0,0.6,[21.161130846393576]
F82013,50,0,0.7,[21.161130846393576]
F82013,50,0,0.8,[21.161130846393576]
F82013,50,0,0.9,[21.161130846393576]
F82013,50,0,1.0,[21.161130846393576]
F82013,50,0,0.01,[21.278111077793028]
F82013,50,0,0.1,[21.178986230037708]
F82013,50,0,0.2,[21.178986230037708]
F82013,50,0,0.3,[21.178986230037708]
F82013,50,0,0.4,[21.178986230037708]
F82013,50,0,0.5,[21.178986230037708]
F82013,50,0,0.6,[21.178986230037708]
F82013,50,0,0.7,[21.178986230037708]
F82013,50,0,0.8,[21.178986230037708]
F82013,50,0,0.9,[21.170356568265902]
F82013,50,0,1.0,[21.170356568265902]
F82013,50,0,0.01,[21.27156832147773]
F82013,50,0,0.1,[21.151133370336083]
F82013,50,0,0.2,[21.151133370336083]
F82013,50,0,0.3,[21.151133370336083]
F82013,50,0,0.4,[21.133750294084166]
F82013,50,0,0.5,[21.133750294084166]
F82013,50,0,0.6,[21.133750294084166]
F82013,50,0,0.7,[21.133750294084166]
F82013,50,0,0.8,[21.133750294084166]
F82013,50,0,0.9,[21.133750294084166]
F82013,50,0,1.0,[21.133750294084166]
F82013,50,0,0.01,[21.280255009115876]
F82013,50,0,0.1,[21.25851883065343]
F82013,50,0,0.2,[21.200156897493343]
F82013,50,0,0.3,[21.200156897493343]
F82013,50,0,0.4,[21.200156897493343]
F82013,50,0,0.5,[21.168716943140794]
F82013,50,0,0.6,[21.168716943140794]
F82013,50,0,0.7,[21.168716943140794]
F82013,50,0,0.8,[21.168716943140794]
F82013,50,0,0.9,[21.14277947111873]
F82013,50,0,1.0,[21.14277947111873]
F82013,50,0,0.01,[21.32814756608218]
F82013,50,0,0.1,[21.06684475325028]
F82013,50,0,0.2,[21.06684475325028]
F82013,50,0,0.3,[21.06684475325028]
F82013,50,0,0.4,[21.06684475325028]
F82013,50,0,0.5,[21.06684475325028]
F82013,50,0,0.6,[21.06684475325028]
F82013,50,0,0.7,[21.06684475325028]
F82013,50,0,0.8,[21.06684475325028]
F82013,50,0,0.9,[21.06684475325028]
F82013,50,0,1.0,[21.06684475325028]
F82013,50,0,0.01,[21.25608448000878]
F82013,50,0,0.1,[21.21583222004722]
F82013,50,0,0.2,[21.140363999360034]
F82013,50,0,0.3,[21.140363999360034]
F82013,50,0,0.4,[21.140363999360034]
F82013,50,0,0.5,[21.140363999360034]
F82013,50,0,0.6,[21.140363999360034]
F82013,50,0,0.7,[21.140363999360034]
F82013,50,0,0.8,[21.140363999360034]
F82013,50,0,0.9,[21.140363999360034]
F82013,50,0,1.0,[21.140363999360034]
F82013,50,0,0.01,[21.28265886602526]
F82013,50,0,0.1,[21.238648709990912]
F82013,50,0,0.2,[21.226637996223758]
F82013,50,0,0.3,[21.20095171912169]
F82013,50,0,0.4,[21.178155435396775]
F82013,50,0,0.5,[21.178155435396775]
F82013,50,0,0.6,[21.178155435396775]
F82013,50,0,0.7,[21.178155435396775]
F82013,50,0,0.8,[21.178155435396775]
F82013,50,0,0.9,[21.178155435396775]
F82013,50,0,1.0,[21.178155435396775]
F82013,50,0,0.01,[21.305432995673755]
F82013,50,0,0.1,[21.26892826336541]
F82013,50,0,0.2,[21.172131250600955]
F82013,50,0,0.3,[21.172131250600955]
F82013,50,0,0.4,[21.172131250600955]
F82013,50,0,0.5,[21.172131250600955]
F82013,50,0,0.6,[21.172131250600955]
F82013,50,0,0.7,[21.172131250600955]
F82013,50,0,0.8,[21.172131250600955]
F82013,50,0,0.9,[21.172131250600955]
F82013,50,0,1.0,[21.172131250600955]
F82013,50,0,0.01,[21.258095834436972]
F82013,50,0,0.1,[21.2070610490905]
F82013,50,0,0.2,[21.2070610490905]
F82013,50,0,0.3,[21.11587824301489]
F82013,50,0,0.4,[21.11587824301489]
F82013,50,0,0.5,[21.11587824301489]
F82013,50,0,0.6,[21.068241149678443]
F82013,50,0,0.7,[21.068241149678443]
F82013,50,0,0.8,[21.068241149678443]
F82013,50,0,0.9,[21.068241149678443]
F82013,50,0,1.0,[21.068241149678443]
F82013,50,0,0.01,[21.2635172639865]
F82013,50,0,0.1,[21.20896440867432]
F82013,50,0,0.2,[21.170470933755496]
F82013,50,0,0.3,[21.170470933755496]
F82013,50,0,0.4,[21.170470933755496]
F82013,50,0,0.5,[21.170470933755496]
F82013,50,0,0.6,[21.170470933755496]
F82013,50,0,0.7,[21.170470933755496]
F82013,50,0,0.8,[21.170470933755496]
F82013,50,0,0.9,[21.170470933755496]
F82013,50,0,1.0,[21.170470933755496]
F82013,50,0,0.01,[21.33866543741283]
F82013,50,0,0.1,[21.150960447375837]
F82013,50,0,0.2,[21.150960447375837]
F82013,50,0,0.3,[21.150960447375837]
F82013,50,0,0.4,[21.150960447375837]
F82013,50,0,0.5,[21.150960447375837]
F82013,50,0,0.6,[21.150960447375837]
F82013,50,0,0.7,[21.150960447375837]
F82013,50,0,0.8,[21.150960447375837]
F82013,50,0,0.9,[21.150960447375837]
F82013,50,0,1.0,[21.150960447375837]
F82013,50,0,0.01,[21.322920237660014]
F82013,50,0,0.1,[21.206734370896356]
F82013,50,0,0.2,[21.150913996754184]
F82013,50,0,0.3,[21.150913996754184]
F82013,50,0,0.4,[21.150913996754184]
F82013,50,0,0.5,[21.13093063963879]
F82013,50,0,0.6,[21.13093063963879]
F82013,50,0,0.7,[21.13093063963879]
F82013,50,0,0.8,[21.13093063963879]
F82013,50,0,0.9,[21.13093063963879]
F82013,50,0,1.0,[21.13093063963879]
F82013,50,0,0.01,[21.28792903337751]
F82013,50,0,0.1,[21.253569791451355]
F82013,50,0,0.2,[21.220734159654626]
F82013,50,0,0.3,[21.209043238886352]
F82013,50,0,0.4,[21.209043238886352]
F82013,50,0,0.5,[21.140544044442322]
F82013,50,0,0.6,[21.140544044442322]
F82013,50,0,0.7,[21.140544044442322]
F82013,50,0,0.8,[21.140544044442322]
F82013,50,0,0.9,[21.140544044442322]
F82013,50,0,1.0,[21.140544044442322]
