function,dimension,run,checkpoint,error
F72013,10,0,0.01,[1029513.9984838931]
F72013,10,0,0.1,[1029673.7803715261]
F72013,10,0,0.2,[1034579.8891856357]
F72013,10,0,0.3,[1027096.6392547454]
F72013,10,0,0.4,[1025835.7313595435]
F72013,10,0,0.5,[1030930.7731809935]
F72013,10,0,0.6,[1023375.5771237367]
F72013,10,0,0.7,[1022168.4277915589]
F72013,10,0,0.8,[1027425.4582863195]
F72013,10,0,0.9,[1019806.6332998489]
F72013,10,0,1.0,[1018650.2761176984]
F72013,10,1,0.01,[9741230535.445448]
F72013,10,1,0.1,[2320425646.8639007]
F72013,10,1,0.2,[2380735587.6363397]
F72013,10,1,0.3,[2344939135.1483245]
F72013,10,1,0.4,[2341571432.7221847]
F72013,10,1,0.5,[2386118646.273209]
F72013,10,1,0.6,[2338194389.746808]
F72013,10,1,0.7,[2337170592.990061]
F72013,10,1,0.8,[2371946742.195311]
F72013,10,1,0.9,[2335837018.6018696]
F72013,10,1,1.0,[2335250400.3162727]
F72013,10,2,0.01,[1592604456413.2104]
F72013,10,2,0.1,[2571482037865.559]
F72013,10,2,0.2,[1464782246208.8901]
F72013,10,2,0.3,[2885055716201.826]
F72013,10,2,0.4,[1847577209740.6318]
F72013,10,2,0.5,[1333169066747.3247]
F72013,10,2,0.6,[1656384201909.5735]
F72013,10,2,0.7,[553782568147.4464]
F72013,10,2,0.8,[324087911638.57574]
F72013,10,2,0.9,[89081768579.08228]
F72013,10,2,1.0,[1859197844721.5881]
F72013,10,3,0.01,[989249832718114.4]
F72013,10,3,0.1,[1151359493295022.5]
F72013,10,3,0.2,[1105932267144614.4]
F72013,10,3,0.3,[1446872320820279.0]
F72013,10,3,0.4,[195235876635426.28]
F72013,10,3,0.5,[178823941153939.4]
F72013,10,3,0.6,[1116791323756140.2]
F72013,10,3,0.7,[1227910778666195.5]
F72013,10,3,0.8,[2246551390704940.8]
F72013,10,3,0.9,[1529772642362944.2]
F72013,10,3,1.0,[264606842578042.12]
F72013,10,4,0.01,[6.225771150951274e+17]
F72013,10,4,0.1,[1.5775117252955064e+18]
F72013,10,4,0.2,[2.2916633587988982e+18]
F72013,10,4,0.3,[2.815516869878554e+18]
F72013,10,4,0.4,[8.428994998745339e+17]
F72013,10,4,0.5,[1.7448143176279101e+18]
F72013,10,4,0.6,[9.705071043301975e+17]
F72013,10,4,0.7,[5.985561410761343e+17]
F72013,10,4,0.8,[2.3289360601490733e+17]
F72013,10,4,0.9,[2.9577938994068844e+18]
F72013,10,4,1.0,[8.652654893288511e+18]
F72013,10,5,0.01,[13172642681.431309]
F72013,10,5,0.1,[14135313119.183004]
F72013,10,5,0.2,[5509438859.591905]
F72013,10,5,0.3,[5015147628.171567]
F72013,10,5,0.4,[2784226093.4712048]
F72013,10,5,0.5,[2500170445.371874]
F72013,10,5,0.6,[3778714202.0152397]
F72013,10,5,0.7,[915948645.2973881]
F72013,10,5,0.8,[1405785385.855403]
F72013,10,5,0.9,[4470727859.157544]
F72013,10,5,1.0,[7065260671.113771]
F72013,10,6,0.01,[228689771306.2066]
F72013,10,6,0.1,[366190768021.17163]
F72013,10,6,0.2,[255687938939.13528]
F72013,10,6,0.3,[148894991262.38232]
F72013,10,6,0.4,[256944416992.07208]
F72013,10,6,0.5,[204630121571.41037]
F72013,10,6,0.6,[128451169363.73492]
F72013,10,6,0.7,[115736408405.37192]
F72013,10,6,0.8,[111528779412.60071]
F72013,10,6,0.9,[74109537200.20282]
F72013,10,6,1.0,[74296351580.57587]
F72013,10,7,0.01,[527470004723.74774]
F72013,10,7,0.1,[161019783715.90613]
F72013,10,7,0.2,[258474460506.26758]
F72013,10,7,0.3,[94553206996.94649]
F72013,10,7,0.4,[27414342488.003727]
F72013,10,7,0.5,[55895291773.92818]
F72013,10,7,0.6,[10436208601.653893]
F72013,10,7,0.7,[1688806249.2837923]
F72013,10,7,0.8,[712678827.360161]
F72013,10,7,0.9,[75029678.82102717]
F72013,10,7,1.0,[16391151.186088832]
F72013,10,8,0.01,[11750544577686.443]
F72013,10,8,0.1,[76280834401862.95]
F72013,10,8,0.2,[104921292948059.97]
F72013,10,8,0.3,[64127955442596.836]
F72013,10,8,0.4,[48365056926718.87]
F72013,10,8,0.5,[21088844210531.906]
F72013,10,8,0.6,[19419012617995.016]
F72013,10,8,0.7,[68011621372531.625]
F72013,10,8,0.8,[146710995371262.72]
F72013,10,8,0.9,[34993312430688.973]
F72013,10,8,1.0,[43565304722159.7]
F72013,10,9,0.01,[8174323788879.97]
F72013,10,9,0.1,[4155451806402.309]
F72013,10,9,0.2,[16234934997660.904]
F72013,10,9,0.3,[8505949713547.322]
F72013,10,9,0.4,[1418928033541.3025]
F72013,10,9,0.5,[1119752241887.888]
F72013,10,9,0.6,[1117563634188.748]
F72013,10,9,0.7,[754496916605.5509]
F72013,10,9,0.8,[777080265465.2805]
F72013,10,9,0.9,[574424411400.712]
F72013,10,9,1.0,[1461183167076.4187]
F72013,10,10,0.01,[391435002.09396845]
F72013,10,10,0.1,[274899257.39086705]
F72013,10,10,0.2,[133332739.10507306]
F72013,10,10,0.3,[133639410.56291215]
F72013,10,10,0.4,[133638754.41010502]
F72013,10,10,0.5,[133331205.92210811]
F72013,10,10,0.6,[133637868.73618713]
F72013,10,10,0.7,[133637754.29330932]
F72013,10,10,0.8,[133330332.69124432]
F72013,10,10,0.9,[133636864.87970173]
F72013,10,10,1.0,[133635966.89154875]
F72013,10,11,0.01,[5797137675122.8]
F72013,10,11,0.1,[2555167488446.7124]
F72013,10,11,0.2,[11090290269001.781]
F72013,10,11,0.3,[1770470660721.0698]
F72013,10,11,0.4,[2708144050911.934]
F72013,10,11,0.5,[20001884627233.637]
F72013,10,11,0.6,[57088886097528.6]
F72013,10,11,0.7,[44236443833604.84]
F72013,10,11,0.8,[98739113824601.11]
F72013,10,11,0.9,[172848766792350.78]
F72013,10,11,1.0,[4010298863660355.0]
F72013,10,12,0.01,[3629467334095.0713]
F72013,10,12,0.1,[13951481626887.033]
F72013,10,12,0.2,[10000518513499.56]
F72013,10,12,0.3,[19900447193786.41]
F72013,10,12,0.4,[8046355913070.5]
F72013,10,12,0.5,[4428858051813.396]
F72013,10,12,0.6,[8540960074927.846]
F72013,10,12,0.7,[5709045468337.021]
F72013,10,12,0.8,[4197309532165.2896]
F72013,10,12,0.9,[4625063346762.347]
F72013,10,12,1.0,[18255286637497.36]
F72013,10,13,0.01,[162171202.911857]
F72013,10,13,0.1,[145889371.22067264]
F72013,10,13,0.2,[145541270.81176913]
F72013,10,13,0.3,[145425827.7736389]
F72013,10,13,0.4,[145659843.73067477]
F72013,10,13,0.5,[146142874.90472102]
F72013,10,13,0.6,[147135337.3930193]
F72013,10,13,0.7,[153042372.39491]
F72013,10,13,0.8,[160154806.03658584]
F72013,10,13,0.9,[164664531.61764175]
F72013,10,13,1.0,[158956474.65215388]
F72013,10,14,0.01,[43863180.38372447]
F72013,10,14,0.1,[45574547.948534384]
F72013,10,14,0.2,[45626419.396762535]
F72013,10,14,0.3,[45574842.406476095]
F72013,10,14,0.4,[45574559.818163626]
F72013,10,14,0.5,[45625767.04152331]
F72013,10,14,0.6,[45573324.88897491]
F72013,10,14,0.7,[45573832.56940397]
F72013,10,14,0.8,[45625522.39333659]
F72013,10,14,0.9,[45574245.11834153]
F72013,10,14,1.0,[45573763.15992082]
F72013,10,15,0.01,[15139487736.754122]
F72013,10,15,0.1,[12973428008.619497]
F72013,10,15,0.2,[10853502946.789747]
F72013,10,15,0.3,[3224237046.6331215]
F72013,10,15,0.4,[6763986213.892495]
F72013,10,15,0.5,[1942835984.582463]
F72013,10,15,0.6,[13839067986.568123]
F72013,10,15,0.7,[4097694056.835678]
F72013,10,15,0.8,[3939504290.7514544]
F72013,10,15,0.9,[4104818286.635564]
F72013,10,15,1.0,[4104730101.288793]
F72013,10,16,0.01,[251069950.38986215]
F72013,10,16,0.1,[236869562.66596642]
F72013,10,16,0.2,[205993076.2247434]
F72013,10,16,0.3,[220829670.6398042]
F72013,10,16,0.4,[220826861.5709179]
F72013,10,16,0.5,[236847946.8910077]
F72013,10,16,0.6,[205944302.21674052]
F72013,10,16,0.7,[205932405.58878756]
F72013,10,16,0.8,[220817759.38158345]
F72013,10,16,0.9,[236827722.5439091]
F72013,10,16,1.0,[236822588.3277602]
F72013,10,17,0.01,[146925222875.76184]
F72013,10,17,0.1,[25359700851.38596]
F72013,10,17,0.2,[12506792038.107227]
F72013,10,17,0.3,[4757174291.158791]
F72013,10,17,0.4,[4414417439.017693]
F72013,10,17,0.5,[1647772078.0469987]
F72013,10,17,0.6,[1417185078.7268887]
F72013,10,17,0.7,[486206144.37933314]
F72013,10,17,0.8,[180833442.4601203]
F72013,10,17,0.9,[679270965.7998775]
F72013,10,17,1.0,[76833596.00930192]
F72013,10,18,0.01,[150859018079487.47]
F72013,10,18,0.1,[40863595526735.0]
F72013,10,18,0.2,[9698747324029.887]
F72013,10,18,0.3,[13275308763242.7]
F72013,10,18,0.4,[5838439622012.838]
F72013,10,18,0.5,[3748007665753.785]
F72013,10,18,0.6,[7610508301634.958]
F72013,10,18,0.7,[2089145703804.591]
F72013,10,18,0.8,[4500400123743.128]
F72013,10,18,0.9,[314190191004.5106]
F72013,10,18,1.0,[192083449495.54868]
F72013,10,19,0.01,[18295359297735.96]
F72013,10,19,0.1,[3917341203162.3755]
F72013,10,19,0.2,[12428807904611.684]
F72013,10,19,0.3,[10405582604946.7]
F72013,10,19,0.4,[40086393603891.71]
F72013,10,19,0.5,[17170536027259.121]
F72013,10,19,0.6,[3748172346734.6997]
F72013,10,19,0.7,[3572467396179.864]
F72013,10,19,0.8,[5345564214678.298]
F72013,10,19,0.9,[1186194259352.9373]
F72013,10,19,1.0,[2149870718028.1138]
F72013,10,20,0.01,[1736016.10238304]
F72013,10,20,0.1,[1673421.8358037383]
F72013,10,20,0.2,[1664392.6202186518]
F72013,10,20,0.3,[1741112.1304011063]
F72013,10,20,0.4,[1636156.6379500749]
F72013,10,20,0.5,[1651183.4864975254]
F72013,10,20,0.6,[1599581.359015186]
F72013,10,20,0.7,[1742253.179088593]
F72013,10,20,0.8,[1600873.490363337]
F72013,10,20,0.9,[1660594.3742987416]
F72013,10,20,1.0,[1570270.7320634585]
F72013,10,21,0.01,[380022702528022.0]
F72013,10,21,0.1,[389563199378814.5]
F72013,10,21,0.2,[252071043998106.1]
F72013,10,21,0.3,[148452086754150.84]
F72013,10,21,0.4,[864469796826340.8]
F72013,10,21,0.5,[207259380746416.84]
F72013,10,21,0.6,[429656433181625.0]
F72013,10,21,0.7,[139263889770712.97]
F72013,10,21,0.8,[118566009250691.77]
F72013,10,21,0.9,[194746880056099.47]
F72013,10,21,1.0,[87745496635997.25]
F72013,10,22,0.01,[1750661760834194.5]
F72013,10,22,0.1,[827282932427263.2]
F72013,10,22,0.2,[749032011577097.0]
F72013,10,22,0.3,[1055983173232434.1]
F72013,10,22,0.4,[1587165368155826.0]
F72013,10,22,0.5,[3065976129208791.0]
F72013,10,22,0.6,[1504360213813257.0]
F72013,10,22,0.7,[1495458710322735.0]
F72013,10,22,0.8,[2851740875111158.5]
F72013,10,22,0.9,[2909504657475029.0]
F72013,10,22,1.0,[2657070761370342.0]
F72013,10,23,0.01,[243346068.8515409]
F72013,10,23,0.1,[247257452.22310656]
F72013,10,23,0.2,[245517399.9323757]
F72013,10,23,0.3,[247232784.22272137]
F72013,10,23,0.4,[247231105.23617372]
F72013,10,23,0.5,[245510859.29469955]
F72013,10,23,0.6,[247226967.32642466]
F72013,10,23,0.7,[247224742.42533293]
F72013,10,23,0.8,[245504527.75522214]
F72013,10,23,0.9,[247220827.44754675]
F72013,10,23,1.0,[247219185.78034198]
F72013,10,24,0.01,[70183052099.51514]
F72013,10,24,0.1,[31386132907.61564]
F72013,10,24,0.2,[9724427521.875032]
F72013,10,24,0.3,[5290627826.416281]
F72013,10,24,0.4,[7995287642.339695]
F72013,10,24,0.5,[1300597506.5210388]
F72013,10,24,0.6,[963372466.2586466]
F72013,10,24,0.7,[946591032.9577404]
F72013,10,24,0.8,[976322477.0759201]
F72013,10,24,0.9,[945504479.4297723]
F72013,10,24,1.0,[945406033.7891982]
F72013,10,25,0.01,[2740464424.667459]
F72013,10,25,0.1,[741020685.2024908]
F72013,10,25,0.2,[121375028.30661553]
F72013,10,25,0.3,[130067058.69586441]
F72013,10,25,0.4,[63811185.59829491]
F72013,10,25,0.5,[19688542.96331711]
F72013,10,25,0.6,[19202064.621788032]
F72013,10,25,0.7,[18765571.77873573]
F72013,10,25,0.8,[18464376.65121323]
F72013,10,25,0.9,[18684260.51673792]
F72013,10,25,1.0,[18688454.794537753]
F72013,10,26,0.01,[7638231118.510157]
F72013,10,26,0.1,[5132382837.919253]
F72013,10,26,0.2,[5285688705.524869]
F72013,10,26,0.3,[5178609595.481901]
F72013,10,26,0.4,[5194942929.565664]
F72013,10,26,0.5,[5285095273.057993]
F72013,10,26,0.6,[5101849596.188914]
F72013,10,26,0.7,[5188966003.848802]
F72013,10,26,0.8,[5202144381.26571]
F72013,10,26,0.9,[5145716559.118379]
F72013,10,26,1.0,[5138475723.675477]
F72013,10,27,0.01,[141569458877.1544]
F72013,10,27,0.1,[235352705785.35608]
F72013,10,27,0.2,[2020834511923.689]
F72013,10,27,0.3,[408430094252.70105]
F72013,10,27,0.4,[420681159847.6382]
F72013,10,27,0.5,[744257506741.9114]
F72013,10,27,0.6,[390788827293.0831]
F72013,10,27,0.7,[489762879751.0819]
F72013,10,27,0.8,[412933878493.61774]
F72013,10,27,0.9,[70287064396.2686]
F72013,10,27,1.0,[25066889650.60034]
F72013,10,28,0.01,[6872643403.796422]
F72013,10,28,0.1,[7250331663.481504]
F72013,10,28,0.2,[7229060319.950594]
F72013,10,28,0.3,[7250330666.500528]
F72013,10,28,0.4,[7250340582.959617]
F72013,10,28,0.5,[7228957473.620062]
F72013,10,28,0.6,[7250372905.608941]
F72013,10,28,0.7,[7250250813.875587]
F72013,10,28,0.8,[7229015736.026983]
F72013,10,28,0.9,[7250320300.698255]
F72013,10,28,1.0,[7250321116.846442]
F72013,10,29,0.01,[8490515.475816749]
F72013,10,29,0.1,[5781467.711526964]
F72013,10,29,0.2,[5853330.353672792]
F72013,10,29,0.3,[5758984.49641693]
F72013,10,29,0.4,[5780743.542853526]
F72013,10,29,0.5,[5852615.175784367]
F72013,10,29,0.6,[5758016.7068370525]
F72013,10,29,0.7,[5779092.331183257]
F72013,10,29,0.8,[5852922.951514552]
F72013,10,29,0.9,[5757303.151012987]
F72013,10,29,1.0,[5778273.8195463745]
F72013,10,30,0.01,[11085516080.67423]
F72013,10,30,0.1,[30763403484.665287]
F72013,10,30,0.2,[18064235941.237633]
F72013,10,30,0.3,[6165047933.245799]
F72013,10,30,0.4,[6507398157.35802]
F72013,10,30,0.5,[2841668203.987978]
F72013,10,30,0.6,[2787026311.194694]
F72013,10,30,0.7,[2842828536.0659175]
F72013,10,30,0.8,[2877661361.6335444]
F72013,10,30,0.9,[2707076872.9550033]
F72013,10,30,1.0,[2862055813.3740354]
F72013,10,31,0.01,[7424047718.106601]
F72013,10,31,0.1,[18917191770.221424]
F72013,10,31,0.2,[3555004935.047481]
F72013,10,31,0.3,[9775677482.632956]
F72013,10,31,0.4,[4022669451.6231465]
F72013,10,31,0.5,[4019833345.9198]
F72013,10,31,0.6,[5429807459.439904]
F72013,10,31,0.7,[2510162204.1396685]
F72013,10,31,0.8,[926268165.3002006]
F72013,10,31,0.9,[241414474.99046248]
F72013,10,31,1.0,[152078272.16087055]
F72013,10,32,0.01,[288782385.1649526]
F72013,10,32,0.1,[288230066.53135705]
F72013,10,32,0.2,[289740348.8294633]
F72013,10,32,0.3,[288064780.8860146]
F72013,10,32,0.4,[287982218.20590174]
F72013,10,32,0.5,[289519941.2980446]
F72013,10,32,0.6,[287809195.3133969]
F72013,10,32,0.7,[287723181.80560255]
F72013,10,32,0.8,[289286759.4755234]
F72013,10,32,0.9,[287544454.6486672]
F72013,10,32,1.0,[287456492.63312006]
F72013,10,33,0.01,[8563847378.935268]
F72013,10,33,0.1,[10555327612.658802]
F72013,10,33,0.2,[10553751061.085968]
F72013,10,33,0.3,[29120893490.714252]
F72013,10,33,0.4,[25658639226.960022]
F72013,10,33,0.5,[10704728255.947437]
F72013,10,33,0.6,[186898549515.61215]
F72013,10,33,0.7,[30309067948.46525]
F72013,10,33,0.8,[10613338133.329147]
F72013,10,33,0.9,[9279585796.458487]
F72013,10,33,1.0,[10516291883.285357]
F72013,10,34,0.01,[65829547990.58352]
F72013,10,34,0.1,[86833435858.09216]
F72013,10,34,0.2,[17258566584.784397]
F72013,10,34,0.3,[16927096578.906975]
F72013,10,34,0.4,[66493807118.78738]
F72013,10,34,0.5,[51326215676.55752]
F72013,10,34,0.6,[11596675407.901913]
F72013,10,34,0.7,[6018509906.114513]
F72013,10,34,0.8,[6658673242.18519]
F72013,10,34,0.9,[1691867952.0392241]
F72013,10,34,1.0,[534485570.4783883]
F72013,10,35,0.01,[300032699704825.7]
F72013,10,35,0.1,[235573349543301.53]
F72013,10,35,0.2,[150035588157257.62]
F72013,10,35,0.3,[132275918373771.39]
F72013,10,35,0.4,[153813680448146.4]
F72013,10,35,0.5,[59958886049246.07]
F72013,10,35,0.6,[251546298112270.97]
F72013,10,35,0.7,[155587314630333.7]
F72013,10,35,0.8,[557786841784751.3]
F72013,10,35,0.9,[1252423656048782.8]
F72013,10,35,1.0,[4519828588781737.0]
F72013,10,36,0.01,[3666472756.936746]
F72013,10,36,0.1,[6653409572.634976]
F72013,10,36,0.2,[5896863890.30776]
F72013,10,36,0.3,[1464107865.4672508]
F72013,10,36,0.4,[390049584.6815922]
F72013,10,36,0.5,[89671883.9854101]
F72013,10,36,0.6,[89706704.7465818]
F72013,10,36,0.7,[89706642.23640491]
F72013,10,36,0.8,[89671061.55530056]
F72013,10,36,0.9,[89706595.19607209]
F72013,10,36,1.0,[89706595.78898542]
F72013,10,37,0.01,[553007874.3097941]
F72013,10,37,0.1,[515571473.34913296]
F72013,10,37,0.2,[515216780.07159615]
F72013,10,37,0.3,[515316878.3302035]
F72013,10,37,0.4,[515314085.636193]
F72013,10,37,0.5,[515204872.5950034]
F72013,10,37,0.6,[515309966.6940155]
F72013,10,37,0.7,[515308099.7358912]
F72013,10,37,0.8,[515200626.6892177]
F72013,10,37,0.9,[515310280.86550015]
F72013,10,37,1.0,[515310334.60283977]
F72013,10,38,0.01,[14628203524554.824]
F72013,10,38,0.1,[2600115117428.351]
F72013,10,38,0.2,[776821346355.1992]
F72013,10,38,0.3,[3249035575390.065]
F72013,10,38,0.4,[532326413762.2647]
F72013,10,38,0.5,[894777306101.2253]
F72013,10,38,0.6,[671930719657.0259]
F72013,10,38,0.7,[3721708333364.577]
F72013,10,38,0.8,[582896112015.4113]
F72013,10,38,0.9,[502670016979.01904]
F72013,10,38,1.0,[204327560723.18817]
F72013,10,39,0.01,[349041352331318.06]
F72013,10,39,0.1,[349434643034910.25]
F72013,10,39,0.2,[1117461723287320.4]
F72013,10,39,0.3,[2103511999889508.0]
F72013,10,39,0.4,[1169115769176886.8]
F72013,10,39,0.5,[2021873332363502.5]
F72013,10,39,0.6,[584446158760421.8]
F72013,10,39,0.7,[1073109422839867.6]
F72013,10,39,0.8,[1806503082181513.5]
F72013,10,39,0.9,[604331093431123.1]
F72013,10,39,1.0,[54628898473901.36]
F72013,10,40,0.01,[86318675.88296196]
F72013,10,40,0.1,[12439286.79249629]
F72013,10,40,0.2,[4344110.109055536]
F72013,10,40,0.3,[4492411.206840206]
F72013,10,40,0.4,[4457974.137158503]
F72013,10,40,0.5,[4514841.116211929]
F72013,10,40,0.6,[4474597.7348345155]
F72013,10,40,0.7,[4476569.057376872]
F72013,10,40,0.8,[4510193.375997882]
F72013,10,40,0.9,[4471797.847279408]
F72013,10,40,1.0,[4462693.914042622]
F72013,10,41,0.01,[12643823406.91814]
F72013,10,41,0.1,[15065659297.050756]
F72013,10,41,0.2,[3056726900.5806365]
F72013,10,41,0.3,[865780068.0365098]
F72013,10,41,0.4,[333443245.82912266]
F72013,10,41,0.5,[331534125.41265535]
F72013,10,41,0.6,[353584049.8359455]
F72013,10,41,0.7,[329730339.547362]
F72013,10,41,0.8,[315007679.3099118]
F72013,10,41,0.9,[324027963.04592705]
F72013,10,41,1.0,[354758614.6073767]
F72013,10,42,0.01,[2285873796.1323004]
F72013,10,42,0.1,[2042005390.3972614]
F72013,10,42,0.2,[2019270827.2997973]
F72013,10,42,0.3,[2041818290.3302786]
F72013,10,42,0.4,[2041553320.6538444]
F72013,10,42,0.5,[2018863794.8873253]
F72013,10,42,0.6,[2041246733.7818723]
F72013,10,42,0.7,[2041258900.720396]
F72013,10,42,0.8,[2018434499.4697168]
F72013,10,42,0.9,[2040927168.6949644]
F72013,10,42,1.0,[2040824862.6625755]
F72013,10,43,0.01,[727400498.3788792]
F72013,10,43,0.1,[285860814.4522111]
F72013,10,43,0.2,[413812517.2102735]
F72013,10,43,0.3,[77865646.19366166]
F72013,10,43,0.4,[47789355.16387252]
F72013,10,43,0.5,[54648312.13503827]
F72013,10,43,0.6,[38767371.98750337]
F72013,10,43,0.7,[48318308.795092665]
F72013,10,43,0.8,[43330697.43463343]
F72013,10,43,0.9,[45337490.455763526]
F72013,10,43,1.0,[47540192.319905445]
F72013,10,44,0.01,[1229668782687.8818]
F72013,10,44,0.1,[6343980090910.072]
F72013,10,44,0.2,[18806395772866.64]
F72013,10,44,0.3,[36455714028800.18]
F72013,10,44,0.4,[14908718711726.691]
F72013,10,44,0.5,[18084766004143.965]
F72013,10,44,0.6,[6496192499905.029]
F72013,10,44,0.7,[10637463678548.232]
F72013,10,44,0.8,[7413293230633.243]
F72013,10,44,0.9,[2334972138929.5195]
F72013,10,44,1.0,[4108327693650.1396]
F72013,10,45,0.01,[96460780663.03581]
F72013,10,45,0.1,[368369952939.3027]
F72013,10,45,0.2,[225744821051.33804]
F72013,10,45,0.3,[108330870990.15056]
F72013,10,45,0.4,[880105375665.6323]
F72013,10,45,0.5,[232121882659.41058]
F72013,10,45,0.6,[279234626900.7272]
F72013,10,45,0.7,[81266398322.3295]
F72013,10,45,0.8,[15481759411.104086]
F72013,10,45,0.9,[12578793652.669886]
F72013,10,45,1.0,[4737027825.790376]
F72013,10,46,0.01,[3048392159.1035905]
F72013,10,46,0.1,[1491068853.0997508]
F72013,10,46,0.2,[377461429.5334047]
F72013,10,46,0.3,[160040235.67152634]
F72013,10,46,0.4,[160151477.70853156]
F72013,10,46,0.5,[162163644.6204316]
F72013,10,46,0.6,[160140411.4416379]
F72013,10,46,0.7,[160135280.38875946]
F72013,10,46,0.8,[162143637.41904438]
F72013,10,46,0.9,[160122426.9048555]
F72013,10,46,1.0,[160117045.24637127]
F72013,10,47,0.01,[871938200145077.6]
F72013,10,47,0.1,[1293038872113297.2]
F72013,10,47,0.2,[1735858703794345.8]
F72013,10,47,0.3,[1383476797297879.2]
F72013,10,47,0.4,[3286710220982008.5]
F72013,10,47,0.5,[1.0581052988822682e+16]
F72013,10,47,0.6,[3.3893640968405736e+16]
F72013,10,47,0.7,[2.986409242946711e+16]
F72013,10,47,0.8,[3.659639953674816e+16]
F72013,10,47,0.9,[3.084969907669855e+16]
F72013,10,47,1.0,[3.401531045459909e+16]
F72013,10,48,0.01,[1595457116.4716988]
F72013,10,48,0.1,[696060514.6274838]
F72013,10,48,0.2,[222595566.93742508]
F72013,10,48,0.3,[77557864.65459476]
F72013,10,48,0.4,[76001477.5272169]
F72013,10,48,0.5,[75667033.27582993]
F72013,10,48,0.6,[72986355.14198954]
F72013,10,48,0.7,[71726881.06212996]
F72013,10,48,0.8,[71948839.7159141]
F72013,10,48,0.9,[69994029.66166565]
F72013,10,48,1.0,[69497150.11322102]
F72013,10,49,0.01,[15040292.280037394]
F72013,10,49,0.1,[12446040.089777863]
F72013,10,49,0.2,[12459914.294553354]
F72013,10,49,0.3,[12544726.309895404]
F72013,10,49,0.4,[12495730.893541502]
F72013,10,49,0.5,[12479176.885150023]
F72013,10,49,0.6,[12495786.491981104]
F72013,10,49,0.7,[12501340.501387237]
F72013,10,49,0.8,[12444585.953395667]
F72013,10,49,0.9,[12500078.495582707]
F72013,10,49,1.0,[12460377.465952534]
F72013,10,50,0.01,[1118123318230.3953]
F72013,10,50,0.1,[407340444325.496]
F72013,10,50,0.2,[387941412312.8579]
F72013,10,50,0.3,[145684016746.4811]
F72013,10,50,0.4,[25026046089.513657]
F72013,10,50,0.5,[16201949365.697798]
F72013,10,50,0.6,[13542615352.778587]
F72013,10,50,0.7,[6185905790.729733]
F72013,10,50,0.8,[34790941591.506485]
F72013,10,50,0.9,[31005507780.73512]
F72013,10,50,1.0,[33850298732.131786]
F72013,30,0,0.01,[4.5068320727735537e+18]
F72013,30,0,0.1,[2.2169500325224645e+18]
F72013,30,0,0.2,[1.0782329724005981e+18]
F72013,30,0,0.3,[1.1060789274445514e+18]
F72013,30,0,0.4,[7.397683303354147e+17]
F72013,30,0,0.5,[8.726244430457956e+17]
F72013,30,0,0.6,[3.213751215512447e+17]
F72013,30,0,0.7,[1.3864907995258696e+18]
F72013,30,0,0.8,[2.2298119583101455e+18]
F72013,30,0,0.9,[1.399942895520055e+18]
F72013,30,0,1.0,[7.155783729586648e+18]
F72013,30,1,0.01,[263316829544.30945]
F72013,30,1,0.1,[54588229629.52999]
F72013,30,1,0.2,[27822149637.676353]
F72013,30,1,0.3,[40012459933.54263]
F72013,30,1,0.4,[70812088975.88243]
F72013,30,1,0.5,[16655614650.590565]
F72013,30,1,0.6,[7837420511.836827]
F72013,30,1,0.7,[4768823685.665627]
F72013,30,1,0.8,[4580362074.488036]
F72013,30,1,0.9,[1904386921.42503]
F72013,30,1,1.0,[1884397347.0090058]
F72013,30,2,0.01,[85946278335.51526]
F72013,30,2,0.1,[382423682336.8963]
F72013,30,2,0.2,[186457344443.14395]
F72013,30,2,0.3,[116159626045.13954]
F72013,30,2,0.4,[173954234689.3845]
F72013,30,2,0.5,[44490902964.36673]
F72013,30,2,0.6,[53706424636.90797]
F72013,30,2,0.7,[33118755695.65792]
F72013,30,2,0.8,[11054813595.200413]
F72013,30,2,0.9,[6051931599.390869]
F72013,30,2,1.0,[3359597420.866378]
F72013,30,3,0.01,[768920408801.128]
F72013,30,3,0.1,[457948042878.1363]
F72013,30,3,0.2,[95346441666.9891]
F72013,30,3,0.3,[51933272136.57728]
F72013,30,3,0.4,[89216629115.02612]
F72013,30,3,0.5,[20098520565.530872]
F72013,30,3,0.6,[31580678661.223442]
F72013,30,3,0.7,[10747578339.771572]
F72013,30,3,0.8,[16446216176.405518]
F72013,30,3,0.9,[2693228027.199838]
F72013,30,3,1.0,[3491464799.106861]
F72013,30,4,0.01,[87090927825156.77]
F72013,30,4,0.1,[74975879641346.31]
F72013,30,4,0.2,[58601701867129.0]
F72013,30,4,0.3,[57229726636731.33]
F72013,30,4,0.4,[16509934671846.566]
F72013,30,4,0.5,[4746338212408.837]
F72013,30,4,0.6,[299571807297641.4]
F72013,30,4,0.7,[1069888910952974.9]
F72013,30,4,0.8,[4216962404362939.0]
F72013,30,4,0.9,[2471808340802880.0]
F72013,30,4,1.0,[5290756407706215.0]
F72013,30,5,0.01,[1263934019603.328]
F72013,30,5,0.1,[21358357868218.656]
F72013,30,5,0.2,[4145435851284.512]
F72013,30,5,0.3,[1874166319787.5764]
F72013,30,5,0.4,[331630053516.9839]
F72013,30,5,0.5,[168324374170.96332]
F72013,30,5,0.6,[74834669390.85529]
F72013,30,5,0.7,[54266039048.136955]
F72013,30,5,0.8,[104750519548.88683]
F72013,30,5,0.9,[132137689454.26924]
F72013,30,5,1.0,[137248007567.00533]
F72013,30,6,0.01,[1110322283806374.0]
F72013,30,6,0.1,[766373789510686.0]
F72013,30,6,0.2,[359793011694060.94]
F72013,30,6,0.3,[672471587566307.1]
F72013,30,6,0.4,[610334996603529.9]
F72013,30,6,0.5,[7270125794938792.0]
F72013,30,6,0.6,[2.312239495138055e+16]
F72013,30,6,0.7,[3.688246638894722e+16]
F72013,30,6,0.8,[1.439871341598392e+16]
F72013,30,6,0.9,[1.6783010628876852e+16]
F72013,30,6,1.0,[9791722216536312.0]
F72013,30,7,0.01,[535330413556281.4]
F72013,30,7,0.1,[132418052419121.27]
F72013,30,7,0.2,[195709716511300.34]
F72013,30,7,0.3,[371159588395953.3]
F72013,30,7,0.4,[854990364937543.4]
F72013,30,7,0.5,[336609111291776.25]
F72013,30,7,0.6,[55818213793318.47]
F72013,30,7,0.7,[15346374101123.117]
F72013,30,7,0.8,[4624205887713.657]
F72013,30,7,0.9,[3312017150929.0996]
F72013,30,7,1.0,[2136507904694.1633]
F72013,30,8,0.01,[105860936094419.1]
F72013,30,8,0.1,[198034417425770.75]
F72013,30,8,0.2,[1.105236112020933e+16]
F72013,30,8,0.3,[7883064879711454.0]
F72013,30,8,0.4,[1455129871236818.5]
F72013,30,8,0.5,[250902037389201.88]
F72013,30,8,0.6,[76033665458931.58]
F72013,30,8,0.7,[84827821682823.58]
F72013,30,8,0.8,[74168585899664.64]
F72013,30,8,0.9,[100439880977907.56]
F72013,30,8,1.0,[141295524465407.4]
F72013,30,9,0.01,[1223451855260263.5]
F72013,30,9,0.1,[912644830973381.0]
F72013,30,9,0.2,[2398581905667273.5]
F72013,30,9,0.3,[2013760842719141.2]
F72013,30,9,0.4,[3839840558741292.5]
F72013,30,9,0.5,[4568925899162713.0]
F72013,30,9,0.6,[1.486405004581223e+16]
F72013,30,9,0.7,[1.2629830693222306e+16]
F72013,30,9,0.8,[9938567984071152.0]
F72013,30,9,0.9,[1.1196383171703728e+16]
F72013,30,9,1.0,[5542975675621688.0]
F72013,30,10,0.01,[88900655134188.67]
F72013,30,10,0.1,[321952038131185.2]
F72013,30,10,0.2,[171302444715341.9]
F72013,30,10,0.3,[209139332775291.72]
F72013,30,10,0.4,[539099445779035.6]
F72013,30,10,0.5,[56363797566536.41]
F72013,30,10,0.6,[35643541577998.64]
F72013,30,10,0.7,[4870048645909.416]
F72013,30,10,0.8,[21374489802110.164]
F72013,30,10,0.9,[14229805144756.656]
F72013,30,10,1.0,[4318970988126.9287]
F72013,30,11,0.01,[2.1395077738855342e+18]
F72013,30,11,0.1,[8.308761418533652e+18]
F72013,30,11,0.2,[2.3754493492013013e+20]
F72013,30,11,0.3,[7.221453416222101e+19]
F72013,30,11,0.4,[3.3734026182403363e+19]
F72013,30,11,0.5,[6.076469432908894e+19]
F72013,30,11,0.6,[2.90377340900039e+19]
F72013,30,11,0.7,[8.799518420184023e+19]
F72013,30,11,0.8,[1.1585587741395345e+19]
F72013,30,11,0.9,[1.0147901136423092e+19]
F72013,30,11,1.0,[4.1141361878600606e+19]
F72013,30,12,0.01,[174825061409.0248]
F72013,30,12,0.1,[47461620053.8166]
F72013,30,12,0.2,[34502147608.164986]
F72013,30,12,0.3,[66257328453.752304]
F72013,30,12,0.4,[26407421602.222015]
F72013,30,12,0.5,[30811464378.48186]
F72013,30,12,0.6,[39166649260.38037]
F72013,30,12,0.7,[47762609227.33779]
F72013,30,12,0.8,[9244093615.632305]
F72013,30,12,0.9,[6694632684.183584]
F72013,30,12,1.0,[7468329548.081484]
F72013,30,13,0.01,[2743936764157171.5]
F72013,30,13,0.1,[2080034475507112.8]
F72013,30,13,0.2,[490017734271458.1]
F72013,30,13,0.3,[112670615811189.62]
F72013,30,13,0.4,[55368558500781.73]
F72013,30,13,0.5,[28969287163585.31]
F72013,30,13,0.6,[28041743437309.246]
F72013,30,13,0.7,[42490731529394.96]
F72013,30,13,0.8,[15503050143637.96]
F72013,30,13,0.9,[3043614233966.492]
F72013,30,13,1.0,[905030790370.3528]
F72013,30,14,0.01,[262300737230262.28]
F72013,30,14,0.1,[34394830962974.336]
F72013,30,14,0.2,[5130026468976.969]
F72013,30,14,0.3,[1407804420467.3542]
F72013,30,14,0.4,[3354196376582.005]
F72013,30,14,0.5,[8233301567926.959]
F72013,30,14,0.6,[3206824623597.2285]
F72013,30,14,0.7,[5912876309320.898]
F72013,30,14,0.8,[1387316553829.9895]
F72013,30,14,0.9,[5368087991958.948]
F72013,30,14,1.0,[4547203614215.766]
F72013,30,15,0.01,[862372737691855.9]
F72013,30,15,0.1,[1482788834832329.2]
F72013,30,15,0.2,[1192075428758621.5]
F72013,30,15,0.3,[2609192669830851.5]
F72013,30,15,0.4,[587591999072531.1]
F72013,30,15,0.5,[1487768172856534.0]
F72013,30,15,0.6,[2076969924456949.5]
F72013,30,15,0.7,[414045828842554.0]
F72013,30,15,0.8,[86719430743401.2]
F72013,30,15,0.9,[35124740260362.46]
F72013,30,15,1.0,[29736005277032.258]
F72013,30,16,0.01,[23091859527.297394]
F72013,30,16,0.1,[8163089245.874495]
F72013,30,16,0.2,[3177088315.822637]
F72013,30,16,0.3,[929071683.1364845]
F72013,30,16,0.4,[283871080.0084936]
F72013,30,16,0.5,[177064631.85914797]
F72013,30,16,0.6,[159995002.86664122]
F72013,30,16,0.7,[135505180.22142124]
F72013,30,16,0.8,[113849611.88878712]
F72013,30,16,0.9,[98123314.99958168]
F72013,30,16,1.0,[83114819.5310687]
F72013,30,17,0.01,[2.1126389987583943e+19]
F72013,30,17,0.1,[1.4777842571548547e+19]
F72013,30,17,0.2,[6.632320255502867e+18]
F72013,30,17,0.3,[4.8304621481457254e+17]
F72013,30,17,0.4,[1.1465690366677051e+18]
F72013,30,17,0.5,[9.203726650349335e+17]
F72013,30,17,0.6,[5.171879605261901e+17]
F72013,30,17,0.7,[1.4267370501320276e+18]
F72013,30,17,0.8,[1.4955614363300314e+18]
F72013,30,17,0.9,[3.336700444537691e+17]
F72013,30,17,1.0,[5.1586144793943424e+17]
F72013,30,18,0.01,[834019075919116.2]
F72013,30,18,0.1,[563788207724640.6]
F72013,30,18,0.2,[1503224483170770.0]
F72013,30,18,0.3,[841646827198683.5]
F72013,30,18,0.4,[338090768050157.3]
F72013,30,18,0.5,[1084900571632426.6]
F72013,30,18,0.6,[661407113054028.5]
F72013,30,18,0.7,[364542468934955.6]
F72013,30,18,0.8,[179321057990137.1]
F72013,30,18,0.9,[127075984870615.64]
F72013,30,18,1.0,[166857368355754.97]
F72013,30,19,0.01,[2174480820608.0693]
F72013,30,19,0.1,[1470923280049.621]
F72013,30,19,0.2,[3756302256175.641]
F72013,30,19,0.3,[3245404823668.4004]
F72013,30,19,0.4,[20115575989916.645]
F72013,30,19,0.5,[29897356373991.81]
F72013,30,19,0.6,[50342703957537.43]
F72013,30,19,0.7,[96851135459523.33]
F72013,30,19,0.8,[210427970875686.25]
F72013,30,19,0.9,[125463744673753.83]
F72013,30,19,1.0,[189837173813401.2]
F72013,30,20,0.01,[602758981509.7256]
F72013,30,20,0.1,[3680291978622.692]
F72013,30,20,0.2,[7537757773360.45]
F72013,30,20,0.3,[50487947866031.24]
F72013,30,20,0.4,[19164342851853.98]
F72013,30,20,0.5,[5025000382482.52]
F72013,30,20,0.6,[7903722226107.803]
F72013,30,20,0.7,[9310701380928.217]
F72013,30,20,0.8,[4923301211836.106]
F72013,30,20,0.9,[6488641495549.164]
F72013,30,20,1.0,[1052452641753.4626]
F72013,30,21,0.01,[24261885307886.773]
F72013,30,21,0.1,[23981005701613.008]
F72013,30,21,0.2,[73378610104768.17]
F72013,30,21,0.3,[25096348511875.65]
F72013,30,21,0.4,[3512794913214.213]
F72013,30,21,0.5,[3375821730469.8457]
F72013,30,21,0.6,[5138136204853.093]
F72013,30,21,0.7,[4186520498789.312]
F72013,30,21,0.8,[56665788461586.02]
F72013,30,21,0.9,[9599527597723.889]
F72013,30,21,1.0,[1666335748160.7358]
F72013,30,22,0.01,[1.6679124431291214e+16]
F72013,30,22,0.1,[7033256826105835.0]
F72013,30,22,0.2,[4442772129887204.5]
F72013,30,22,0.3,[2127241494164529.8]
F72013,30,22,0.4,[1087477700153696.2]
F72013,30,22,0.5,[370524479445687.5]
F72013,30,22,0.6,[208348667658018.06]
F72013,30,22,0.7,[109860496911439.67]
F72013,30,22,0.8,[57039790541482.92]
F72013,30,22,0.9,[18045649229940.047]
F72013,30,22,1.0,[5424395913284.858]
F72013,30,23,0.01,[52865895597.28269]
F72013,30,23,0.1,[9460580363.01084]
F72013,30,23,0.2,[2849246036.2005134]
F72013,30,23,0.3,[2729050012.9078736]
F72013,30,23,0.4,[1699676682.0222785]
F72013,30,23,0.5,[740940483.2513005]
F72013,30,23,0.6,[258038007.8395065]
F72013,30,23,0.7,[216777730.1754832]
F72013,30,23,0.8,[125510318.29054686]
F72013,30,23,0.9,[76283431.49212213]
F72013,30,23,1.0,[49987141.40065288]
F72013,30,24,0.01,[220293686441516.34]
F72013,30,24,0.1,[205502384098188.94]
F72013,30,24,0.2,[278844835280828.53]
F72013,30,24,0.3,[110602952666510.3]
F72013,30,24,0.4,[23848833073146.5]
F72013,30,24,0.5,[10983193736283.016]
F72013,30,24,0.6,[5660494576939.806]
F72013,30,24,0.7,[7970552063642.739]
F72013,30,24,0.8,[7212426232508.934]
F72013,30,24,0.9,[5359430164952.347]
F72013,30,24,1.0,[4003057064410.404]
F72013,30,25,0.01,[7049450779581.054]
F72013,30,25,0.1,[23621191602536.92]
F72013,30,25,0.2,[30585514578543.242]
F72013,30,25,0.3,[21289904154012.754]
F72013,30,25,0.4,[8466210283706.754]
F72013,30,25,0.5,[1342162496236.1729]
F72013,30,25,0.6,[704643418482.2571]
F72013,30,25,0.7,[130840439962.7599]
F72013,30,25,0.8,[38489246414.85755]
F72013,30,25,0.9,[9488235833.837116]
F72013,30,25,1.0,[4938751664.033304]
F72013,30,26,0.01,[39634979334088.85]
F72013,30,26,0.1,[10388072025879.807]
F72013,30,26,0.2,[5168347665215.831]
F72013,30,26,0.3,[27634291494521.992]
F72013,30,26,0.4,[38725381528961.516]
F72013,30,26,0.5,[23846148615274.45]
F72013,30,26,0.6,[6323032955929.895]
F72013,30,26,0.7,[6042724643641.137]
F72013,30,26,0.8,[2118632918839.186]
F72013,30,26,0.9,[1476640844208.331]
F72013,30,26,1.0,[663374316820.2651]
F72013,30,27,0.01,[49955157078229.69]
F72013,30,27,0.1,[29369420070748.543]
F72013,30,27,0.2,[58784384402194.7]
F72013,30,27,0.3,[64533676742144.13]
F72013,30,27,0.4,[347673455265737.0]
F72013,30,27,0.5,[448509106640700.44]
F72013,30,27,0.6,[1622513892103575.0]
F72013,30,27,0.7,[2418240021828266.0]
F72013,30,27,0.8,[1122179105117361.5]
F72013,30,27,0.9,[617315947459084.4]
F72013,30,27,1.0,[1969646243227894.5]
F72013,30,28,0.01,[147107919936.76657]
F72013,30,28,0.1,[81162863933.04292]
F72013,30,28,0.2,[37258030272.71224]
F72013,30,28,0.3,[21460393061.988476]
F72013,30,28,0.4,[12626979343.124588]
F72013,30,28,0.5,[5604650082.293552]
F72013,30,28,0.6,[44393470761.073395]
F72013,30,28,0.7,[54502289917.41267]
F72013,30,28,0.8,[4463362619.560478]
F72013,30,28,0.9,[2196584167.4876533]
F72013,30,28,1.0,[1218978195.7039733]
F72013,30,29,0.01,[2863900839817.6694]
F72013,30,29,0.1,[3485191368073.965]
F72013,30,29,0.2,[708610517292.2393]
F72013,30,29,0.3,[351004713023.6689]
F72013,30,29,0.4,[335682479573.18646]
F72013,30,29,0.5,[95810135336.28407]
F72013,30,29,0.6,[53075158738.391075]
F72013,30,29,0.7,[37242219883.030975]
F72013,30,29,0.8,[29377293716.937866]
F72013,30,29,0.9,[224197890432.3988]
F72013,30,29,1.0,[68504952427.99201]
F72013,30,30,0.01,[17809345092895.594]
F72013,30,30,0.1,[49889838965627.28]
F72013,30,30,0.2,[17692999617151.66]
F72013,30,30,0.3,[3875882343939.4824]
F72013,30,30,0.4,[5561005921412.629]
F72013,30,30,0.5,[2229549394942.859]
F72013,30,30,0.6,[4535606288287.25]
F72013,30,30,0.7,[9168862281703.309]
F72013,30,30,0.8,[3469085681584.9]
F72013,30,30,0.9,[765609597288.5706]
F72013,30,30,1.0,[789949319152.8932]
F72013,30,31,0.01,[969183137797010.4]
F72013,30,31,0.1,[980587541257602.6]
F72013,30,31,0.2,[84279644744431.14]
F72013,30,31,0.3,[195924776924706.12]
F72013,30,31,0.4,[2208669481344905.2]
F72013,30,31,0.5,[2736343782446961.0]
F72013,30,31,0.6,[6681807780986682.0]
F72013,30,31,0.7,[2910880351165073.5]
F72013,30,31,0.8,[2666407034625059.5]
F72013,30,31,0.9,[961355336789791.6]
F72013,30,31,1.0,[248912063402484.06]
F72013,30,32,0.01,[2.4711989513366164e+16]
F72013,30,32,0.1,[1.5671514554982364e+16]
F72013,30,32,0.2,[7.538091855194341e+16]
F72013,30,32,0.3,[3.2380480951885692e+16]
F72013,30,32,0.4,[4799007616814863.0]
F72013,30,32,0.5,[2977935696687098.5]
F72013,30,32,0.6,[801266578457346.4]
F72013,30,32,0.7,[81460564343671.27]
F72013,30,32,0.8,[53739369726497.55]
F72013,30,32,0.9,[11779507514869.033]
F72013,30,32,1.0,[10728977434822.57]
F72013,30,33,0.01,[44937679492300.195]
F72013,30,33,0.1,[10604626958692.87]
F72013,30,33,0.2,[1148708722742430.0]
F72013,30,33,0.3,[3438512443083847.0]
F72013,30,33,0.4,[1155120182151568.8]
F72013,30,33,0.5,[626029534834103.6]
F72013,30,33,0.6,[111910282672233.44]
F72013,30,33,0.7,[295377661810457.75]
F72013,30,33,0.8,[44432743100827.08]
F72013,30,33,0.9,[115212569005277.28]
F72013,30,33,1.0,[22893678522917.926]
F72013,30,34,0.01,[918093843369489.5]
F72013,30,34,0.1,[307264573451255.44]
F72013,30,34,0.2,[289359901872335.9]
F72013,30,34,0.3,[113992248543218.44]
F72013,30,34,0.4,[25774534955079.9]
F72013,30,34,0.5,[19406919518247.543]
F72013,30,34,0.6,[13664804378288.834]
F72013,30,34,0.7,[24989409168523.242]
F72013,30,34,0.8,[187281153894765.47]
F72013,30,34,0.9,[329463447335484.44]
F72013,30,34,1.0,[126206836601506.47]
F72013,30,35,0.01,[7053586035089206.0]
F72013,30,35,0.1,[4375385302093914.0]
F72013,30,35,0.2,[3125232458144421.0]
F72013,30,35,0.3,[1059263970165529.9]
F72013,30,35,0.4,[2299139621424237.0]
F72013,30,35,0.5,[1507570607700614.0]
F72013,30,35,0.6,[342818351268007.25]
F72013,30,35,0.7,[1388836006521468.0]
F72013,30,35,0.8,[6673717400421350.0]
F72013,30,35,0.9,[1394969955203359.0]
F72013,30,35,1.0,[1.4323368106062156e+16]
F72013,30,36,0.01,[21911170014947.26]
F72013,30,36,0.1,[14141891509776.738]
F72013,30,36,0.2,[30029454400573.824]
F72013,30,36,0.3,[7394332656023.329]
F72013,30,36,0.4,[7627173117728.135]
F72013,30,36,0.5,[1564590325718.8408]
F72013,30,36,0.6,[2954698577779.638]
F72013,30,36,0.7,[1960755863224.672]
F72013,30,36,0.8,[4084309414171.1265]
F72013,30,36,0.9,[6522109924008.229]
F72013,30,36,1.0,[68971621467635.62]
F72013,30,37,0.01,[45578855288320.98]
F72013,30,37,0.1,[67925195604846.5]
F72013,30,37,0.2,[159166641641236.25]
F72013,30,37,0.3,[53668442770378.72]
F72013,30,37,0.4,[5212225688745.324]
F72013,30,37,0.5,[1757864513717.144]
F72013,30,37,0.6,[319277384199.6521]
F72013,30,37,0.7,[362436523020.41376]
F72013,30,37,0.8,[305114330801.7485]
F72013,30,37,0.9,[154183614975.68848]
F72013,30,37,1.0,[147328017788.538]
F72013,30,38,0.01,[15951744808039.299]
F72013,30,38,0.1,[7698482371631.519]
F72013,30,38,0.2,[1458439603295.3955]
F72013,30,38,0.3,[4319589898512.387]
F72013,30,38,0.4,[1630880296037.3684]
F72013,30,38,0.5,[1492176783704.5676]
F72013,30,38,0.6,[865015661649.6307]
F72013,30,38,0.7,[642556311578.5577]
F72013,30,38,0.8,[657004354822.5164]
F72013,30,38,0.9,[4787934024920.674]
F72013,30,38,1.0,[5075700001540.564]
F72013,30,39,0.01,[1.687456053983105e+16]
F72013,30,39,0.1,[2436833841384909.5]
F72013,30,39,0.2,[377286063756211.75]
F72013,30,39,0.3,[420712228896019.3]
F72013,30,39,0.4,[430018194558557.0]
F72013,30,39,0.5,[114940222344334.5]
F72013,30,39,0.6,[55953548550802.26]
F72013,30,39,0.7,[10919329810109.803]
F72013,30,39,0.8,[1995428198810.2424]
F72013,30,39,0.9,[378632610891.91766]
F72013,30,39,1.0,[410981113634.8691]
F72013,30,40,0.01,[60943565244.12686]
F72013,30,40,0.1,[21644458922.604816]
F72013,30,40,0.2,[22146823065.78085]
F72013,30,40,0.3,[3581624145.5343285]
F72013,30,40,0.4,[33510763526.925014]
F72013,30,40,0.5,[21829988192.165527]
F72013,30,40,0.6,[1542812752.1522477]
F72013,30,40,0.7,[7061127986.432253]
F72013,30,40,0.8,[1385276954.6547234]
F72013,30,40,0.9,[1372110736.4345458]
F72013,30,40,1.0,[1123360949.4553404]
F72013,30,41,0.01,[57444417356774.53]
F72013,30,41,0.1,[1438183608905144.0]
F72013,30,41,0.2,[2061842634999481.5]
F72013,30,41,0.3,[238804634192538.9]
F72013,30,41,0.4,[38956297192380.22]
F72013,30,41,0.5,[29066717134054.285]
F72013,30,41,0.6,[25981881642072.17]
F72013,30,41,0.7,[14350670229606.531]
F72013,30,41,0.8,[16294327585065.488]
F72013,30,41,0.9,[11016105940745.715]
F72013,30,41,1.0,[13417941967298.518]
F72013,30,42,0.01,[156789480399.18365]
F72013,30,42,0.1,[232252220137.3269]
F72013,30,42,0.2,[39171782445.48135]
F72013,30,42,0.3,[20171601867.27689]
F72013,30,42,0.4,[42226842550.517]
F72013,30,42,0.5,[10363711924.830597]
F72013,30,42,0.6,[13221888771.715254]
F72013,30,42,0.7,[5867599462.971779]
F72013,30,42,0.8,[6589385463.134622]
F72013,30,42,0.9,[3387562710.0286994]
F72013,30,42,1.0,[8382321113.7138405]
F72013,30,43,0.01,[2768920157312.787]
F72013,30,43,0.1,[517401996771.66113]
F72013,30,43,0.2,[524206765372.36084]
F72013,30,43,0.3,[93928364455.13484]
F72013,30,43,0.4,[227800250365.1541]
F72013,30,43,0.5,[100725368201.68443]
F72013,30,43,0.6,[30782621147.538216]
F72013,30,43,0.7,[17916670982.295414]
F72013,30,43,0.8,[27467341944.377277]
F72013,30,43,0.9,[31837036901.051693]
F72013,30,43,1.0,[16869433842.746107]
F72013,30,44,0.01,[2250836112060633.5]
F72013,30,44,0.1,[1169986426863012.0]
F72013,30,44,0.2,[177552549300380.22]
F72013,30,44,0.3,[66441412412365.22]
F72013,30,44,0.4,[28310333773357.49]
F72013,30,44,0.5,[18510824018515.06]
F72013,30,44,0.6,[7798507732568.074]
F72013,30,44,0.7,[11837323360002.5]
F72013,30,44,0.8,[8561934414089.377]
F72013,30,44,0.9,[8266159178927.23]
F72013,30,44,1.0,[5067166812551.267]
F72013,30,45,0.01,[705330794971288.1]
F72013,30,45,0.1,[172816331097070.28]
F72013,30,45,0.2,[432700293767876.06]
F72013,30,45,0.3,[52498641472545.67]
F72013,30,45,0.4,[17428458596616.662]
F72013,30,45,0.5,[3041509972301.634]
F72013,30,45,0.6,[629651066689.6941]
F72013,30,45,0.7,[197823972397.60825]
F72013,30,45,0.8,[186388010414.31088]
F72013,30,45,0.9,[28837132304.52225]
F72013,30,45,1.0,[18959098529.511063]
F72013,30,46,0.01,[224351294760.9388]
F72013,30,46,0.1,[34352670712.203495]
F72013,30,46,0.2,[10336313592.406956]
F72013,30,46,0.3,[1624526925.2119515]
F72013,30,46,0.4,[10003284411.735273]
F72013,30,46,0.5,[625530440.0811018]
F72013,30,46,0.6,[364223012.71627444]
F72013,30,46,0.7,[90037700.73880036]
F72013,30,46,0.8,[126406993.03570782]
F72013,30,46,0.9,[49231558.9378574]
F72013,30,46,1.0,[29732145.78010987]
F72013,30,47,0.01,[56221812239950.62]
F72013,30,47,0.1,[22829123923177.684]
F72013,30,47,0.2,[22800803459015.473]
F72013,30,47,0.3,[15409559274171.438]
F72013,30,47,0.4,[33417509172395.645]
F72013,30,47,0.5,[27142952160272.586]
F72013,30,47,0.6,[20009446382558.168]
F72013,30,47,0.7,[5739333814178.385]
F72013,30,47,0.8,[734249911194.9677]
F72013,30,47,0.9,[138347949139.7687]
F72013,30,47,1.0,[106914943854.0973]
F72013,30,48,0.01,[24830832674793.484]
F72013,30,48,0.1,[26435330230191.957]
F72013,30,48,0.2,[30934036927404.645]
F72013,30,48,0.3,[10315081420914.045]
F72013,30,48,0.4,[1371594703450.5232]
F72013,30,48,0.5,[1482164780750.8186]
F72013,30,48,0.6,[2415492410027.884]
F72013,30,48,0.7,[1294576170844.8013]
F72013,30,48,0.8,[3545834889000.7046]
F72013,30,48,0.9,[14336554949964.408]
F72013,30,48,1.0,[5893647282074.862]
F72013,30,49,0.01,[2319796755195.9272]
F72013,30,49,0.1,[1133245905675.7954]
F72013,30,49,0.2,[219836293634.3769]
F72013,30,49,0.3,[81860804886.65007]
F72013,30,49,0.4,[6856413756.206237]
F72013,30,49,0.5,[10406173966.076172]
F72013,30,49,0.6,[2424318603.9218106]
F72013,30,49,0.7,[1136857872.0464394]
F72013,30,49,0.8,[925803651.7634244]
F72013,30,49,0.9,[927018954.6586211]
F72013,30,49,1.0,[927488422.0089308]
F72013,30,50,0.01,[288656806452.3232]
F72013,30,50,0.1,[27042033768.487144]
F72013,30,50,0.2,[18284342850.5584]
F72013,30,50,0.3,[8440036834.133862]
F72013,30,50,0.4,[19001151947.772285]
F72013,30,50,0.5,[6933064174.684754]
F72013,30,50,0.6,[7999620129.03108]
F72013,30,50,0.7,[13074020494.371077]
F72013,30,50,0.8,[4822375663.435716]
F72013,30,50,0.9,[2895889670.2259407]
F72013,30,50,1.0,[2662334146.482533]
F72013,50,0,0.01,[156534127321801.34]
F72013,50,0,0.1,[58969170148748.23]
F72013,50,0,0.2,[14475517404849.18]
F72013,50,0,0.3,[8084854176404.25]
F72013,50,0,0.4,[26244107571056.36]
F72013,50,0,0.5,[44526806756010.27]
F72013,50,0,0.6,[6396756314679.374]
F72013,50,0,0.7,[2106781497852.395]
F72013,50,0,0.8,[18773183261327.39]
F72013,50,0,0.9,[7483049202267.153]
F72013,50,0,1.0,[981070361003.1998]
F72013,50,1,0.01,[183432663934952.75]
F72013,50,1,0.1,[128788710018877.11]
F72013,50,1,0.2,[15730712933333.469]
F72013,50,1,0.3,[4506561755768.314]
F72013,50,1,0.4,[8725599399225.296]
F72013,50,1,0.5,[1565326030032.1484]
F72013,50,1,0.6,[1873240175520.144]
F72013,50,1,0.7,[11860760422218.213]
F72013,50,1,0.8,[1338153693436.6824]
F72013,50,1,0.9,[629669870471.1057]
F72013,50,1,1.0,[382540788187.4494]
F72013,50,2,0.01,[1055747718193703.4]
F72013,50,2,0.1,[4265175427365118.5]
F72013,50,2,0.2,[2326665426528689.0]
F72013,50,2,0.3,[955021626202555.6]
F72013,50,2,0.4,[849681866926193.2]
F72013,50,2,0.5,[1073619042744999.0]
F72013,50,2,0.6,[134083808148304.4]
F72013,50,2,0.7,[39301141562141.46]
F72013,50,2,0.8,[48397311772823.945]
F72013,50,2,0.9,[8329513770665.834]
F72013,50,2,1.0,[1285117783217.6707]
F72013,50,3,0.01,[1440944389491.8682]
F72013,50,3,0.1,[1444089574965.0503]
F72013,50,3,0.2,[572785023360.3224]
F72013,50,3,0.3,[485844074405.53534]
F72013,50,3,0.4,[300252619802.97363]
F72013,50,3,0.5,[135424334933.93971]
F72013,50,3,0.6,[24335569322.488235]
F72013,50,3,0.7,[18513992049.148876]
F72013,50,3,0.8,[14030844304.55606]
F72013,50,3,0.9,[8293879461.047352]
F72013,50,3,1.0,[5837276534.300079]
F72013,50,4,0.01,[1.2120499819589256e+16]
F72013,50,4,0.1,[7.603457144178928e+16]
F72013,50,4,0.2,[2.7045758594121595e+18]
F72013,50,4,0.3,[4.10239702587153e+17]
F72013,50,4,0.4,[1.7796107970184804e+19]
F72013,50,4,0.5,[2.2534667123959587e+19]
F72013,50,4,0.6,[1.384169472906922e+19]
F72013,50,4,0.7,[1.6345272395527327e+20]
F72013,50,4,0.8,[5.760838316229468e+18]
F72013,50,4,0.9,[3.650723459487827e+17]
F72013,50,4,1.0,[1.6578943892445456e+17]
F72013,50,5,0.01,[113598414949.31302]
F72013,50,5,0.1,[14430727080.0358]
F72013,50,5,0.2,[3218221283.2980013]
F72013,50,5,0.3,[2197036971.018003]
F72013,50,5,0.4,[1458180212.2318466]
F72013,50,5,0.5,[803829755.0031337]
F72013,50,5,0.6,[753952766.6058629]
F72013,50,5,0.7,[974262088.9639453]
F72013,50,5,0.8,[366264501.2809727]
F72013,50,5,0.9,[340365122.7061106]
F72013,50,5,1.0,[216989893.8125715]
F72013,50,6,0.01,[1.0001745861273346e+16]
F72013,50,6,0.1,[3.962490157455571e+16]
F72013,50,6,0.2,[2.4979667769007228e+16]
F72013,50,6,0.3,[1.3221129519171794e+16]
F72013,50,6,0.4,[4.9229765097343416e+16]
F72013,50,6,0.5,[9833211563957380.0]
F72013,50,6,0.6,[501070270721086.1]
F72013,50,6,0.7,[824437766682154.2]
F72013,50,6,0.8,[122351042560718.22]
F72013,50,6,0.9,[117908624572400.16]
F72013,50,6,1.0,[10724104774450.885]
F72013,50,7,0.01,[33388321394.546463]
F72013,50,7,0.1,[7667477093.874416]
F72013,50,7,0.2,[4503180644.671232]
F72013,50,7,0.3,[1587579131.8389993]
F72013,50,7,0.4,[5540908352.088221]
F72013,50,7,0.5,[54195234373.29925]
F72013,50,7,0.6,[15426054253.348797]
F72013,50,7,0.7,[1765709715.519898]
F72013,50,7,0.8,[2589345962.610796]
F72013,50,7,0.9,[930836917.0492415]
F72013,50,7,1.0,[789578478.2546237]
F72013,50,8,0.01,[59494653986.325935]
F72013,50,8,0.1,[28185824653.33197]
F72013,50,8,0.2,[14838172698.242622]
F72013,50,8,0.3,[8913728036.641903]
F72013,50,8,0.4,[11403545976.629759]
F72013,50,8,0.5,[3514595622.7392774]
F72013,50,8,0.6,[26324516253.38203]
F72013,50,8,0.7,[3875997275.219088]
F72013,50,8,0.8,[37371114535.43978]
F72013,50,8,0.9,[4203061761.1126876]
F72013,50,8,1.0,[4605141475.968937]
F72013,50,9,0.01,[14456728953868.754]
F72013,50,9,0.1,[970222789493.0072]
F72013,50,9,0.2,[322320273309.5436]
F72013,50,9,0.3,[285197384833.7484]
F72013,50,9,0.4,[88938818211.89078]
F72013,50,9,0.5,[74131153777.45015]
F72013,50,9,0.6,[398424981944.7868]
F72013,50,9,0.7,[4574520348960.616]
F72013,50,9,0.8,[1566834127411.9336]
F72013,50,9,0.9,[449622706573.43567]
F72013,50,9,1.0,[79351609735.76736]
F72013,50,10,0.01,[4.497803850184137e+17]
F72013,50,10,0.1,[1.003956724429139e+17]
F72013,50,10,0.2,[1.0670269961354078e+16]
F72013,50,10,0.3,[2981501846872069.5]
F72013,50,10,0.4,[2283032579184457.0]
F72013,50,10,0.5,[155480701441888.2]
F72013,50,10,0.6,[7651958954243.144]
F72013,50,10,0.7,[3675651159961.403]
F72013,50,10,0.8,[782051738333.524]
F72013,50,10,0.9,[222165953386.1957]
F72013,50,10,1.0,[101439095644.6302]
F72013,50,11,0.01,[103005814301273.75]
F72013,50,11,0.1,[125824852395287.95]
F72013,50,11,0.2,[57549030682830.27]
F72013,50,11,0.3,[35916404693852.01]
F72013,50,11,0.4,[124599399618082.03]
F72013,50,11,0.5,[36277078881356.53]
F72013,50,11,0.6,[1988554329195.7664]
F72013,50,11,0.7,[1293378505659.4873]
F72013,50,11,0.8,[3010249072420.8726]
F72013,50,11,0.9,[72948756379407.08]
F72013,50,11,1.0,[53907495845522.65]
F72013,50,12,0.01,[4617392646.93083]
F72013,50,12,0.1,[4201878295.4922075]
F72013,50,12,0.2,[4197929344.912112]
F72013,50,12,0.3,[4241832582.0098305]
F72013,50,12,0.4,[4240931142.475726]
F72013,50,12,0.5,[4190906414.8496933]
F72013,50,12,0.6,[4189205267.708544]
F72013,50,12,0.7,[4239199007.330257]
F72013,50,12,0.8,[4238552419.6131797]
F72013,50,12,0.9,[4186056845.173596]
F72013,50,12,1.0,[4184407868.1204658]
F72013,50,13,0.01,[20273397714977.668]
F72013,50,13,0.1,[3482942829437.795]
F72013,50,13,0.2,[1497117516482.3108]
F72013,50,13,0.3,[453331644632.9521]
F72013,50,13,0.4,[250293901680.64932]
F72013,50,13,0.5,[65439332758.10918]
F72013,50,13,0.6,[151073677717.75]
F72013,50,13,0.7,[92371619259.71765]
F72013,50,13,0.8,[55630079738.011215]
F72013,50,13,0.9,[9892203525.120491]
F72013,50,13,1.0,[3521212896.896891]
F72013,50,14,0.01,[3260209182848.136]
F72013,50,14,0.1,[1529242986245.184]
F72013,50,14,0.2,[85172250644.6547]
F72013,50,14,0.3,[74706810291.46999]
F72013,50,14,0.4,[2298711536.2861]
F72013,50,14,0.5,[677898318.053483]
F72013,50,14,0.6,[400269649.0707134]
F72013,50,14,0.7,[213930641.9031998]
F72013,50,14,0.8,[313040186.39601547]
F72013,50,14,0.9,[131546608.26547945]
F72013,50,14,1.0,[88948821.73118526]
F72013,50,15,0.01,[1.566840948325592e+16]
F72013,50,15,0.1,[786146004354062.4]
F72013,50,15,0.2,[90724831077420.66]
F72013,50,15,0.3,[59325020608479.38]
F72013,50,15,0.4,[1420864299743073.0]
F72013,50,15,0.5,[80700311861679.28]
F72013,50,15,0.6,[56045832655873.49]
F72013,50,15,0.7,[6313916365629.05]
F72013,50,15,0.8,[13239034229429.965]
F72013,50,15,0.9,[5411524902853.232]
F72013,50,15,1.0,[4443628883071.163]
F72013,50,16,0.01,[5.468334756270371e+20]
F72013,50,16,0.1,[2.2513328549385378e+21]
F72013,50,16,0.2,[3.949588356197549e+20]
F72013,50,16,0.3,[6.476121381518051e+19]
F72013,50,16,0.4,[5.682225271694101e+19]
F72013,50,16,0.5,[1.516887702791808e+19]
F72013,50,16,0.6,[1.660823044774398e+18]
F72013,50,16,0.7,[8.388982759362836e+17]
F72013,50,16,0.8,[2.5330493524282058e+17]
F72013,50,16,0.9,[1.7816358766210086e+17]
F72013,50,16,1.0,[3.968419871497618e+17]
F72013,50,17,0.01,[283001935974994.44]
F72013,50,17,0.1,[81669413883827.95]
F72013,50,17,0.2,[541054664485049.4]
F72013,50,17,0.3,[3597934431439271.5]
F72013,50,17,0.4,[773770656756909.9]
F72013,50,17,0.5,[1948183016083086.8]
F72013,50,17,0.6,[1.2901536837281306e+17]
F72013,50,17,0.7,[1.6782763923347333e+18]
F72013,50,17,0.8,[8.280226630168667e+17]
F72013,50,17,0.9,[1.0961705547848756e+18]
F72013,50,17,1.0,[8.161415503877599e+17]
F72013,50,18,0.01,[3249676945805424.0]
F72013,50,18,0.1,[2.0296227558744076e+16]
F72013,50,18,0.2,[5.927057962622469e+16]
F72013,50,18,0.3,[1.9548219165358566e+17]
F72013,50,18,0.4,[3.574392656787107e+16]
F72013,50,18,0.5,[7.778097102206918e+16]
F72013,50,18,0.6,[2.2011790685970704e+16]
F72013,50,18,0.7,[5.92059612272395e+18]
F72013,50,18,0.8,[1.0037950022147082e+18]
F72013,50,18,0.9,[3.092633268417428e+18]
F72013,50,18,1.0,[6.518781077298281e+18]
F72013,50,19,0.01,[69429044869.35141]
F72013,50,19,0.1,[7851640628.747372]
F72013,50,19,0.2,[3895558175.258215]
F72013,50,19,0.3,[1996600651.7717009]
F72013,50,19,0.4,[1871023893.0893369]
F72013,50,19,0.5,[1150082146.1623993]
F72013,50,19,0.6,[788917912.1049037]
F72013,50,19,0.7,[760172222.4486274]
F72013,50,19,0.8,[626930174.0542622]
F72013,50,19,0.9,[530361387.1075277]
F72013,50,19,1.0,[575217720.0565158]
F72013,50,20,0.01,[1.475048036635572e+18]
F72013,50,20,0.1,[1.3563587747952395e+17]
F72013,50,20,0.2,[4.845665909284488e+17]
F72013,50,20,0.3,[5.542614416722179e+18]
F72013,50,20,0.4,[9.737870574253441e+17]
F72013,50,20,0.5,[1.5855664153410634e+17]
F72013,50,20,0.6,[1.2159906446129048e+16]
F72013,50,20,0.7,[3.367672347889749e+16]
F72013,50,20,0.8,[536864646075058.0]
F72013,50,20,0.9,[166464851534160.53]
F72013,50,20,1.0,[1400883274093359.2]
F72013,50,21,0.01,[121350121179031.47]
F72013,50,21,0.1,[361302848079270.3]
F72013,50,21,0.2,[2.8040577238169196e+16]
F72013,50,21,0.3,[1.628586133353441e+16]
F72013,50,21,0.4,[3755676469950233.5]
F72013,50,21,0.5,[2643728954399789.0]
F72013,50,21,0.6,[420515311880659.7]
F72013,50,21,0.7,[1128880694004662.5]
F72013,50,21,0.8,[266868841452982.84]
F72013,50,21,0.9,[102296362278216.27]
F72013,50,21,1.0,[9906278338273.014]
F72013,50,22,0.01,[1257141184523120.2]
F72013,50,22,0.1,[675923109593811.4]
F72013,50,22,0.2,[288544286083374.6]
F72013,50,22,0.3,[26668191606612.066]
F72013,50,22,0.4,[131899387296530.78]
F72013,50,22,0.5,[12192484345916.953]
F72013,50,22,0.6,[9772804359756.248]
F72013,50,22,0.7,[1272669715425.455]
F72013,50,22,0.8,[62991778882935.53]
F72013,50,22,0.9,[7202802413496.028]
F72013,50,22,1.0,[776653332697.0526]
F72013,50,23,0.01,[511090115561.5182]
F72013,50,23,0.1,[409518608591.02606]
F72013,50,23,0.2,[1216496706359706.2]
F72013,50,23,0.3,[140582383363086.38]
F72013,50,23,0.4,[128324284301028.4]
F72013,50,23,0.5,[389051169882016.8]
F72013,50,23,0.6,[24607766547794.78]
F72013,50,23,0.7,[60522701206316.11]
F72013,50,23,0.8,[20641424467034.457]
F72013,50,23,0.9,[130745615488315.28]
F72013,50,23,1.0,[398956055619752.06]
F72013,50,24,0.01,[7.56504719506459e+16]
F72013,50,24,0.1,[1.633206101137437e+19]
F72013,50,24,0.2,[3.6871384293006884e+18]
F72013,50,24,0.3,[1.5135764814348442e+18]
F72013,50,24,0.4,[1.4817998303811437e+17]
F72013,50,24,0.5,[2.7887758609406563e+17]
F72013,50,24,0.6,[1.039182553729184e+16]
F72013,50,24,0.7,[1545405362255877.0]
F72013,50,24,0.8,[148965256343103.22]
F72013,50,24,0.9,[57414735404787.08]
F72013,50,24,1.0,[788747313604217.0]
F72013,50,25,0.01,[823907356716.3978]
F72013,50,25,0.1,[271312381019.49753]
F72013,50,25,0.2,[33642535759.040817]
F72013,50,25,0.3,[15365596738.855835]
F72013,50,25,0.4,[7107034156.651284]
F72013,50,25,0.5,[4711893140.884038]
F72013,50,25,0.6,[3334351151.103991]
F72013,50,25,0.7,[2544035490.426481]
F72013,50,25,0.8,[1655526541.3578248]
F72013,50,25,0.9,[898203489.9130343]
F72013,50,25,1.0,[863552986.3022339]
F72013,50,26,0.01,[1480072539309471.2]
F72013,50,26,0.1,[457802799230037.2]
F72013,50,26,0.2,[49321058510064.586]
F72013,50,26,0.3,[9396115852007.758]
F72013,50,26,0.4,[5545013517679.371]
F72013,50,26,0.5,[708305876665.5682]
F72013,50,26,0.6,[450495939128.4486]
F72013,50,26,0.7,[61295352615.12834]
F72013,50,26,0.8,[32642581172.4036]
F72013,50,26,0.9,[41836689556.67801]
F72013,50,26,1.0,[12440334430.862143]
F72013,50,27,0.01,[7506693858137.151]
F72013,50,27,0.1,[3937670226453.514]
F72013,50,27,0.2,[2143170278562.637]
F72013,50,27,0.3,[185863401283.34436]
F72013,50,27,0.4,[15852238870.638027]
F72013,50,27,0.5,[12145378143.14236]
F72013,50,27,0.6,[4363948313.887867]
F72013,50,27,0.7,[5082853771.886268]
F72013,50,27,0.8,[4623452031.979963]
F72013,50,27,0.9,[3059158573.4554615]
F72013,50,27,1.0,[2011342481.515586]
F72013,50,28,0.01,[24948282451113.49]
F72013,50,28,0.1,[149338516975115.88]
F72013,50,28,0.2,[175194322069261.5]
F72013,50,28,0.3,[95360595326756.05]
F72013,50,28,0.4,[34598260101076.652]
F72013,50,28,0.5,[5697742849065.744]
F72013,50,28,0.6,[13068266879818.814]
F72013,50,28,0.7,[16574279548711.244]
F72013,50,28,0.8,[3515235402279.2305]
F72013,50,28,0.9,[815261453207.4882]
F72013,50,28,1.0,[469954152887.9752]
F72013,50,29,0.01,[239461937165505.38]
F72013,50,29,0.1,[2174986958741241.2]
F72013,50,29,0.2,[87517607620603.38]
F72013,50,29,0.3,[6079034731591.402]
F72013,50,29,0.4,[15953720713485.203]
F72013,50,29,0.5,[8895508025644.012]
F72013,50,29,0.6,[23939522397071.21]
F72013,50,29,0.7,[3245781695509.0933]
F72013,50,29,0.8,[88257482115392.1]
F72013,50,29,0.9,[23963368981689.574]
F72013,50,29,1.0,[71303187984025.67]
F72013,50,30,0.01,[1.7423722601016116e+16]
F72013,50,30,0.1,[7.52313742736307e+16]
F72013,50,30,0.2,[9447166003617150.0]
F72013,50,30,0.3,[1089235745562461.1]
F72013,50,30,0.4,[403809279452571.75]
F72013,50,30,0.5,[3397234157180693.5]
F72013,50,30,0.6,[373372196873775.25]
F72013,50,30,0.7,[59899694934061.664]
F72013,50,30,0.8,[47893567160766.42]
F72013,50,30,0.9,[121227470819788.97]
F72013,50,30,1.0,[18668207878925.08]
F72013,50,31,0.01,[7.472540020519107e+17]
F72013,50,31,0.1,[3.194526123204814e+17]
F72013,50,31,0.2,[1.9156564622662652e+16]
F72013,50,31,0.3,[4103573910567550.0]
F72013,50,31,0.4,[906359697939469.5]
F72013,50,31,0.5,[229168190767269.56]
F72013,50,31,0.6,[73305929506878.34]
F72013,50,31,0.7,[1540814827155.6885]
F72013,50,31,0.8,[4743027807562.961]
F72013,50,31,0.9,[392427694460.48846]
F72013,50,31,1.0,[84133230649.79465]
F72013,50,32,0.01,[20127800491.926598]
F72013,50,32,0.1,[333666139.31707186]
F72013,50,32,0.2,[78082352.02250376]
F72013,50,32,0.3,[60009875.05784699]
F72013,50,32,0.4,[43741167.868976265]
F72013,50,32,0.5,[29150721.41053983]
F72013,50,32,0.6,[20643626.10040264]
F72013,50,32,0.7,[10125218.634795092]
F72013,50,32,0.8,[10903412.348218568]
F72013,50,32,0.9,[9368852.18004682]
F72013,50,32,1.0,[9462221.268513009]
F72013,50,33,0.01,[17226063412290.916]
F72013,50,33,0.1,[12511613665418.986]
F72013,50,33,0.2,[2921156311699.797]
F72013,50,33,0.3,[1486670949469.957]
F72013,50,33,0.4,[221507500660.23413]
F72013,50,33,0.5,[565943561320.0414]
F72013,50,33,0.6,[54207966902.47273]
F72013,50,33,0.7,[23153367162.101936]
F72013,50,33,0.8,[31211316970.745205]
F72013,50,33,0.9,[12725956780.562586]
F72013,50,33,1.0,[9685604907.864286]
F72013,50,34,0.01,[2143458921915277.2]
F72013,50,34,0.1,[996253514647227.6]
F72013,50,34,0.2,[7779816252971346.0]
F72013,50,34,0.3,[4.297392713182661e+16]
F72013,50,34,0.4,[4.219345511459776e+16]
F72013,50,34,0.5,[2.3493406408136314e+17]
F72013,50,34,0.6,[1.781757830700239e+17]
F72013,50,34,0.7,[9.810089891301641e+17]
F72013,50,34,0.8,[7.701778824314674e+16]
F72013,50,34,0.9,[3.155266106664961e+18]
F72013,50,34,1.0,[2.722830085310731e+20]
F72013,50,35,0.01,[18274844905053.86]
F72013,50,35,0.1,[9666785499018.104]
F72013,50,35,0.2,[32070416521629.63]
F72013,50,35,0.3,[11543941073985.656]
F72013,50,35,0.4,[9984754310229.65]
F72013,50,35,0.5,[144737531798350.22]
F72013,50,35,0.6,[423686229154118.7]
F72013,50,35,0.7,[326781351735969.06]
F72013,50,35,0.8,[604164065308918.6]
F72013,50,35,0.9,[261788883279350.16]
F72013,50,35,1.0,[294795590693584.06]
F72013,50,36,0.01,[2637256052253862.5]
F72013,50,36,0.1,[456833604368984.9]
F72013,50,36,0.2,[742291312420630.2]
F72013,50,36,0.3,[9713784067524032.0]
F72013,50,36,0.4,[982307934759320.9]
F72013,50,36,0.5,[81282604503317.94]
F72013,50,36,0.6,[1272329860569561.5]
F72013,50,36,0.7,[1.254307647278092e+17]
F72013,50,36,0.8,[2.681975453966593e+16]
F72013,50,36,0.9,[2203589671311760.0]
F72013,50,36,1.0,[341626536458186.25]
F72013,50,37,0.01,[1.3277087506340568e+16]
F72013,50,37,0.1,[6.584542271917137e+16]
F72013,50,37,0.2,[4.705365077465238e+18]
F72013,50,37,0.3,[1.3707165765102472e+18]
F72013,50,37,0.4,[1.1630966794021181e+18]
F72013,50,37,0.5,[5.2429458739917094e+17]
F72013,50,37,0.6,[1.4496803586873725e+17]
F72013,50,37,0.7,[3.1434133859843817e+19]
F72013,50,37,0.8,[5.117356848278444e+19]
F72013,50,37,0.9,[2.140584393439392e+19]
F72013,50,37,1.0,[1.2625325956058894e+19]
F72013,50,38,0.01,[2978103722226.1816]
F72013,50,38,0.1,[12789831697908.244]
F72013,50,38,0.2,[12275939790122.307]
F72013,50,38,0.3,[89846570774156.19]
F72013,50,38,0.4,[13459229615969.197]
F72013,50,38,0.5,[7768783992385.032]
F72013,50,38,0.6,[1258141245940.9402]
F72013,50,38,0.7,[329177037801.3323]
F72013,50,38,0.8,[94137154885.10251]
F72013,50,38,0.9,[93984068759.97336]
F72013,50,38,1.0,[33233654687.576572]
F72013,50,39,0.01,[6805134711.827159]
F72013,50,39,0.1,[769944270.7661445]
F72013,50,39,0.2,[315013915.7092311]
F72013,50,39,0.3,[231380335.65182093]
F72013,50,39,0.4,[164944428.27399173]
F72013,50,39,0.5,[123178876.59448628]
F72013,50,39,0.6,[106597142.43939109]
F72013,50,39,0.7,[141275057.30167222]
F72013,50,39,0.8,[131875669.86161123]
F72013,50,39,0.9,[115621338.10889049]
F72013,50,39,1.0,[110255633.0797988]
F72013,50,40,0.01,[350388530370.97797]
F72013,50,40,0.1,[661538426043.8932]
F72013,50,40,0.2,[397202222406.78906]
F72013,50,40,0.3,[215299637767.53827]
F72013,50,40,0.4,[63137459430.10459]
F72013,50,40,0.5,[340495557148.6253]
F72013,50,40,0.6,[1395613515299.471]
F72013,50,40,0.7,[244267113777.31555]
F72013,50,40,0.8,[16673574049.858862]
F72013,50,40,0.9,[5713801133.72639]
F72013,50,40,1.0,[4012932064.000671]
F72013,50,41,0.01,[1.6183400506682115e+17]
F72013,50,41,0.1,[3.031480162805813e+16]
F72013,50,41,0.2,[4.809599801889205e+16]
F72013,50,41,0.3,[2726029153225051.0]
F72013,50,41,0.4,[948491965236845.8]
F72013,50,41,0.5,[1052554808651101.2]
F72013,50,41,0.6,[36436419720283.94]
F72013,50,41,0.7,[144928386496177.7]
F72013,50,41,0.8,[19385154655621.777]
F72013,50,41,0.9,[195911408500446.84]
F72013,50,41,1.0,[4810635737883.685]
F72013,50,42,0.01,[21991986417.63314]
F72013,50,42,0.1,[6754971524.235573]
F72013,50,42,0.2,[6750266077.314848]
F72013,50,42,0.3,[6717136396.321179]
F72013,50,42,0.4,[6710466370.65034]
F72013,50,42,0.5,[6738778412.252744]
F72013,50,42,0.6,[6735528078.287388]
F72013,50,42,0.7,[6695385129.336549]
F72013,50,42,0.8,[6691229555.864327]
F72013,50,42,0.9,[6726182042.404632]
F72013,50,42,1.0,[6723075553.708077]
F72013,50,43,0.01,[2.3586032694861885e+19]
F72013,50,43,0.1,[4.710452110529055e+18]
F72013,50,43,0.2,[2.0049044018732227e+18]
F72013,50,43,0.3,[7.046192141734822e+17]
F72013,50,43,0.4,[1.3003320463934206e+17]
F72013,50,43,0.5,[7.84733611226603e+16]
F72013,50,43,0.6,[1.3788455970829082e+16]
F72013,50,43,0.7,[1.0057984280326932e+16]
F72013,50,43,0.8,[9.152660466295302e+16]
F72013,50,43,0.9,[4.236325755264262e+16]
F72013,50,43,1.0,[6625369778375167.0]
F72013,50,44,0.01,[7999870713230.759]
F72013,50,44,0.1,[1616078825217.4958]
F72013,50,44,0.2,[120928502803.43349]
F72013,50,44,0.3,[5159158213.794775]
F72013,50,44,0.4,[1901776712.142229]
F72013,50,44,0.5,[1582425913.2266033]
F72013,50,44,0.6,[965295364.6527193]
F72013,50,44,0.7,[917725118.7413687]
F72013,50,44,0.8,[772646528.5738875]
F72013,50,44,0.9,[815707578.0934963]
F72013,50,44,1.0,[780987631.0282116]
F72013,50,45,0.01,[16368181418106.703]
F72013,50,45,0.1,[5241557950489.091]
F72013,50,45,0.2,[9446797393881.506]
F72013,50,45,0.3,[1437086236801.9438]
F72013,50,45,0.4,[3347085192589.7]
F72013,50,45,0.5,[18051394447545.918]
F72013,50,45,0.6,[4768305948431.792]
F72013,50,45,0.7,[1968893921575.126]
F72013,50,45,0.8,[134760190370.86984]
F72013,50,45,0.9,[49003443135.52673]
F72013,50,45,1.0,[9108520301.515268]
F72013,50,46,0.01,[995018176.8485941]
F72013,50,46,0.1,[834448442.68449]
F72013,50,46,0.2,[600850420.137126]
F72013,50,46,0.3,[471865086.13126695]
F72013,50,46,0.4,[358276322.48906046]
F72013,50,46,0.5,[363556366.83944756]
F72013,50,46,0.6,[364646102.97726554]
F72013,50,46,0.7,[360292534.2876674]
F72013,50,46,0.8,[334450079.03632045]
F72013,50,46,0.9,[397760672.4075375]
F72013,50,46,1.0,[362226699.5769149]
F72013,50,47,0.01,[1.5405723524473735e+19]
F72013,50,47,0.1,[2.1556488186508257e+18]
F72013,50,47,0.2,[2.1028681700163827e+17]
F72013,50,47,0.3,[2.0921830142185164e+16]
F72013,50,47,0.4,[3142238242136883.5]
F72013,50,47,0.5,[651082528877337.8]
F72013,50,47,0.6,[53583494212624.64]
F72013,50,47,0.7,[35352882398350.06]
F72013,50,47,0.8,[308662821633997.9]
F72013,50,47,0.9,[2421847213264586.5]
F72013,50,47,1.0,[8862597700589454.0]
F72013,50,48,0.01,[22900625084275.902]
F72013,50,48,0.1,[6074330219335.377]
F72013,50,48,0.2,[2916218510133.169]
F72013,50,48,0.3,[734746577496.535]
F72013,50,48,0.4,[358942799471.0793]
F72013,50,48,0.5,[165286068978.63834]
F72013,50,48,0.6,[45033411091.52224]
F72013,50,48,0.7,[14720359040.195774]
F72013,50,48,0.8,[4777909063.596752]
F72013,50,48,0.9,[7336667421.00452]
F72013,50,48,1.0,[6744168530.661139]
F72013,50,49,0.01,[54877157771923.625]
F72013,50,49,0.1,[4348005121455.933]
F72013,50,49,0.2,[12899053226158.48]
F72013,50,49,0.3,[257658399472.60468]
F72013,50,49,0.4,[169116609456.4693]
F72013,50,49,0.5,[94677691815.62813]
F72013,50,49,0.6,[111826885711.51454]
F72013,50,49,0.7,[66130748703.83605]
F72013,50,49,0.8,[66125674485.6056]
F72013,50,49,0.9,[65927042407.862724]
F72013,50,49,1.0,[65655809458.00878]
F72013,50,50,0.01,[11450526949368.094]
F72013,50,50,0.1,[4484346266085.034]
F72013,50,50,0.2,[1347692242210.4114]
F72013,50,50,0.3,[1631810194617.104]
F72013,50,50,0.4,[3052155333253.5522]
F72013,50,50,0.5,[1418013943869.0613]
F72013,50,50,0.6,[148017325166.3596]
F72013,50,50,0.7,[161691276471.64453]
F72013,50,50,0.8,[169345392223.8933]
F72013,50,50,0.9,[207026201486.1456]
F72013,50,50,1.0,[29666608564.0389]
