algorithm,run,checkpoint,error
adam,0,0.01,"[(0.4, 0.9639449676337128, 0.027014732360839844)]"
adam,0,0.1,"[(0.033333333333333326, 0.14624784812843875, 0.26588010787963867)]"
adam,0,0.2,"[(0.033333333333333326, 0.08252852931385674, 0.530860185623169)]"
adam,0,0.3,"[(0.033333333333333326, 0.10356111861423406, 0.7957134246826172)]"
adam,0,0.4,"[(0.033333333333333326, 0.13739088850816453, 1.0643420219421387)]"
adam,0,0.5,"[(0.033333333333333326, 0.17356454749244132, 1.3294296264648438)]"
adam,0,0.6,"[(0.033333333333333326, 0.21446549134590856, 1.5954744815826416)]"
adam,0,0.7,"[(0.033333333333333326, 0.26040911296921754, 1.8613548278808594)]"
adam,0,0.8,"[(0.033333333333333326, 0.3004254014157565, 2.1271214485168457)]"
adam,0,0.9,"[(0.033333333333333326, 0.3388343526720796, 2.392831563949585)]"
adam,0,1.0,"[(0.033333333333333326, 0.3707801161968845, 2.6584508419036865)]"
adam,1,0.01,"[(0.43333333333333335, 0.9640360348925643, 0.027026653289794922)]"
adam,1,0.1,"[(0.033333333333333326, 0.19787304537779182, 0.26657938957214355)]"
adam,1,0.2,"[(0.033333333333333326, 0.08093068657238023, 0.5320212841033936)]"
adam,1,0.3,"[(0.033333333333333326, 0.06320692829557455, 0.7972698211669922)]"
adam,1,0.4,"[(0.033333333333333326, 0.06559066354485203, 1.0663766860961914)]"
adam,1,0.5,"[(0.06666666666666665, 0.07676509257285767, 1.3305563926696777)]"
adam,1,0.6,"[(0.06666666666666665, 0.09600484753771879, 1.5960915088653564)]"
adam,1,0.7,"[(0.06666666666666665, 0.12742235914945557, 1.8610851764678955)]"
adam,1,0.8,"[(0.06666666666666665, 0.1777504860006632, 2.126220703125)]"
adam,1,0.9,"[(0.06666666666666665, 0.2604794195483752, 2.390984058380127)]"
adam,1,1.0,"[(0.09999999999999998, 0.3622912700403326, 2.65584397315979)]"
adam,2,0.01,"[(0.43333333333333335, 0.9623072987039201, 0.02717137336730957)]"
adam,2,0.1,"[(0.0, 0.17049836137015514, 0.34837818145751953)]"
adam,2,0.2,"[(0.0, 0.03275799268982322, 0.6143627166748047)]"
adam,2,0.3,"[(0.0, 0.013189275518750047, 0.8800034523010254)]"
adam,2,0.4,"[(0.0, 0.007115207695652986, 1.1489427089691162)]"
adam,2,0.5,"[(0.0, 0.004734926342569796, 1.4147179126739502)]"
adam,2,0.6,"[(0.0, 0.0038881965908449142, 1.681875467300415)]"
adam,2,0.7,"[(0.0, 0.003444963926317589, 1.9488186836242676)]"
adam,2,0.8,"[(0.0, 0.003294851609424645, 2.215240478515625)]"
adam,2,0.9,"[(0.0, 0.0032080881002917168, 2.4820621013641357)]"
adam,2,1.0,"[(0.0, 0.003211597457043849, 2.7490246295928955)]"
adam,3,0.01,"[(0.4, 0.9596105061606445, 0.02705669403076172)]"
adam,3,0.1,"[(0.033333333333333326, 0.15205178968838226, 0.2654738426208496)]"
adam,3,0.2,"[(0.033333333333333326, 0.08595670989873203, 0.5298562049865723)]"
adam,3,0.3,"[(0.033333333333333326, 0.09658979539445192, 0.7940270900726318)]"
adam,3,0.4,"[(0.033333333333333326, 0.12061502282078526, 1.0620310306549072)]"
adam,3,0.5,"[(0.033333333333333326, 0.1464031093146198, 1.3263847827911377)]"
adam,3,0.6,"[(0.033333333333333326, 0.17202505425285802, 1.5915586948394775)]"
adam,3,0.7,"[(0.033333333333333326, 0.19827562079246716, 1.8564355373382568)]"
adam,3,0.8,"[(0.033333333333333326, 0.2200985753394389, 2.1210341453552246)]"
adam,3,0.9,"[(0.033333333333333326, 0.240521070821685, 2.3852667808532715)]"
adam,3,1.0,"[(0.033333333333333326, 0.26266839097686284, 2.649402141571045)]"
adam,4,0.01,"[(0.43333333333333335, 0.965758894508898, 0.02707672119140625)]"
adam,4,0.1,"[(0.033333333333333326, 0.1771413584959107, 0.2658512592315674)]"
adam,4,0.2,"[(0.033333333333333326, 0.11987699278321408, 0.5302450656890869)]"
adam,4,0.3,"[(0.06666666666666665, 0.15060582458010893, 0.794522762298584)]"
adam,4,0.4,"[(0.06666666666666665, 0.19472725280206815, 1.0631568431854248)]"
adam,4,0.5,"[(0.09999999999999998, 0.24540463480312363, 1.3265268802642822)]"
adam,4,0.6,"[(0.09999999999999998, 0.3077793232643224, 1.590494155883789)]"
adam,4,0.7,"[(0.09999999999999998, 0.39086972382063123, 1.8543422222137451)]"
adam,4,0.8,"[(0.09999999999999998, 0.4808866122468022, 2.1183769702911377)]"
adam,4,0.9,"[(0.09999999999999998, 0.6040955355689256, 2.3827836513519287)]"
adam,4,1.0,"[(0.09999999999999998, 0.7307378053124818, 2.646958351135254)]"
adam,5,0.01,"[(0.33333333333333337, 0.9490934707557618, 0.02713465690612793)]"
adam,5,0.1,"[(0.0, 0.14891696162055235, 0.2664649486541748)]"
adam,5,0.2,"[(0.0, 0.04552162436844207, 0.5325448513031006)]"
adam,5,0.3,"[(0.0, 0.031758395500283386, 0.798098087310791)]"
adam,5,0.4,"[(0.0, 0.03225921743833986, 1.06773042678833)]"
adam,5,0.5,"[(0.0, 0.030407921464758732, 1.332876443862915)]"
adam,5,0.6,"[(0.0, 0.03125756037715229, 1.5996639728546143)]"
adam,5,0.7,"[(0.0, 0.03172605371473257, 1.866276502609253)]"
adam,5,0.8,"[(0.0, 0.03257104166025534, 2.133392095565796)]"
adam,5,0.9,"[(0.0, 0.03178552584487136, 2.40069580078125)]"
adam,5,1.0,"[(0.033333333333333326, 0.035732476011397, 2.6680123805999756)]"
adam,6,0.01,"[(0.33333333333333337, 0.946047245524047, 0.027240991592407227)]"
adam,6,0.1,"[(0.033333333333333326, 0.15487098916017553, 0.2673172950744629)]"
adam,6,0.2,"[(0.0, 0.04526329735794669, 0.5335619449615479)]"
adam,6,0.3,"[(0.0, 0.026522238510758432, 0.7996752262115479)]"
adam,6,0.4,"[(0.0, 0.019805903041818822, 1.0699050426483154)]"
adam,6,0.5,"[(0.0, 0.017106148120331195, 1.3348689079284668)]"
adam,6,0.6,"[(0.0, 0.0164574590027868, 1.6006526947021484)]"
adam,6,0.7,"[(0.0, 0.016080740054238648, 1.8667519092559814)]"
adam,6,0.8,"[(0.0, 0.015378412920534098, 2.132561206817627)]"
adam,6,0.9,"[(0.0, 0.016801006911615266, 2.3983285427093506)]"
adam,6,1.0,"[(0.0, 0.017374928279073314, 2.6644721031188965)]"
adam,7,0.01,"[(0.4666666666666667, 0.9839757701805291, 0.02728271484375)]"
adam,7,0.1,"[(0.06666666666666665, 0.2013972302334229, 0.26717615127563477)]"
adam,7,0.2,"[(0.06666666666666665, 0.1500528481667309, 0.5330767631530762)]"
adam,7,0.3,"[(0.06666666666666665, 0.14856658938822467, 0.79886794090271)]"
adam,7,0.4,"[(0.06666666666666665, 0.1447268056802634, 1.0687477588653564)]"
adam,7,0.5,"[(0.06666666666666665, 0.1424491924130886, 1.3327772617340088)]"
adam,7,0.6,"[(0.06666666666666665, 0.14170575543568883, 1.5977885723114014)]"
adam,7,0.7,"[(0.06666666666666665, 0.13776172348526133, 1.8633625507354736)]"
adam,7,0.8,"[(0.06666666666666665, 0.13786962361490204, 2.1280574798583984)]"
adam,7,0.9,"[(0.06666666666666665, 0.13691897665064387, 2.3930459022521973)]"
adam,7,1.0,"[(0.06666666666666665, 0.13638051565191614, 2.65800404548645)]"
adam,8,0.01,"[(0.5, 0.9777545288623304, 0.027059316635131836)]"
adam,8,0.1,"[(0.033333333333333326, 0.20085363013711255, 0.2654256820678711)]"
adam,8,0.2,"[(0.0, 0.0874012647631182, 0.5292541980743408)]"
adam,8,0.3,"[(0.0, 0.06876815846924704, 0.7929809093475342)]"
adam,8,0.4,"[(0.0, 0.06224354067098271, 1.061100959777832)]"
adam,8,0.5,"[(0.033333333333333326, 0.06271858396612208, 1.325016975402832)]"
adam,8,0.6,"[(0.033333333333333326, 0.06342588502751076, 1.590294599533081)]"
adam,8,0.7,"[(0.033333333333333326, 0.06451446338123404, 1.855426549911499)]"
adam,8,0.8,"[(0.033333333333333326, 0.06477829528398484, 2.1204843521118164)]"
adam,8,0.9,"[(0.033333333333333326, 0.06594360472974982, 2.3856685161590576)]"
adam,8,1.0,"[(0.033333333333333326, 0.06488730199199808, 2.6507577896118164)]"
adam,9,0.01,"[(0.43333333333333335, 0.9657174666778313, 0.026993989944458008)]"
adam,9,0.1,"[(0.033333333333333326, 0.16153116073896573, 0.2648918628692627)]"
adam,9,0.2,"[(0.033333333333333326, 0.06412822526805245, 0.5291221141815186)]"
adam,9,0.3,"[(0.0, 0.04252176000037071, 0.7931404113769531)]"
adam,9,0.4,"[(0.0, 0.032472053140665466, 1.0612280368804932)]"
adam,9,0.5,"[(0.0, 0.02731925491948904, 1.3254082202911377)]"
adam,9,0.6,"[(0.0, 0.024258164094462964, 1.5904803276062012)]"
adam,9,0.7,"[(0.0, 0.023023652759883752, 1.8539280891418457)]"
adam,9,0.8,"[(0.0, 0.023181205278180197, 2.1175551414489746)]"
adam,9,0.9,"[(0.0, 0.019608312226908866, 2.381221055984497)]"
adam,9,1.0,"[(0.0, 0.020515715554460353, 2.6447384357452393)]"
adam,10,0.01,"[(0.4666666666666667, 0.9849824964300866, 0.026947975158691406)]"
adam,10,0.1,"[(0.06666666666666665, 0.20136189520553446, 0.2642998695373535)]"
adam,10,0.2,"[(0.06666666666666665, 0.12364013030219383, 0.5270960330963135)]"
adam,10,0.3,"[(0.06666666666666665, 0.14716631742457845, 0.7899374961853027)]"
adam,10,0.4,"[(0.06666666666666665, 0.1954057179020917, 1.0569546222686768)]"
adam,10,0.5,"[(0.06666666666666665, 0.2516409693674612, 1.3183176517486572)]"
adam,10,0.6,"[(0.06666666666666665, 0.304658516466284, 1.58097243309021)]"
adam,10,0.7,"[(0.06666666666666665, 0.3481154850760248, 1.8434979915618896)]"
adam,10,0.8,"[(0.06666666666666665, 0.39185997605785544, 2.1058084964752197)]"
adam,10,0.9,"[(0.06666666666666665, 0.43314920821663405, 2.3680946826934814)]"
adam,10,1.0,"[(0.06666666666666665, 0.47012437686394704, 2.63088321685791)]"
adam,11,0.01,"[(0.4, 0.9623474439004629, 0.026844263076782227)]"
adam,11,0.1,"[(0.09999999999999998, 0.21922341889237168, 0.26415061950683594)]"
adam,11,0.2,"[(0.09999999999999998, 0.13296429101910984, 0.5274930000305176)]"
adam,11,0.3,"[(0.06666666666666665, 0.17430189497277845, 0.7903232574462891)]"
adam,11,0.4,"[(0.06666666666666665, 0.22544000364916342, 1.0568604469299316)]"
adam,11,0.5,"[(0.06666666666666665, 0.26807817793341404, 1.3200204372406006)]"
adam,11,0.6,"[(0.06666666666666665, 0.3023268985127799, 1.584568738937378)]"
adam,11,0.7,"[(0.06666666666666665, 0.3283777014858456, 1.8490867614746094)]"
adam,11,0.8,"[(0.06666666666666665, 0.3476810811168658, 2.1126997470855713)]"
adam,11,0.9,"[(0.06666666666666665, 0.3628585540548221, 2.3768091201782227)]"
adam,11,1.0,"[(0.06666666666666665, 0.37706229890739584, 2.640953302383423)]"
adam,12,0.01,"[(0.4, 0.9491061244233837, 0.026842594146728516)]"
adam,12,0.1,"[(0.1333333333333333, 0.24520876257017846, 0.26412272453308105)]"
adam,12,0.2,"[(0.1333333333333333, 0.31339347466276196, 0.5274324417114258)]"
adam,12,0.3,"[(0.1333333333333333, 0.41144470382587134, 0.7905716896057129)]"
adam,12,0.4,"[(0.1333333333333333, 0.5171774043773569, 1.0565602779388428)]"
adam,12,0.5,"[(0.1333333333333333, 0.6290776526773116, 1.320472240447998)]"
adam,12,0.6,"[(0.1333333333333333, 0.7487951333611077, 1.586014747619629)]"
adam,12,0.7,"[(0.1333333333333333, 0.8627620061691726, 1.8512485027313232)]"
adam,12,0.8,"[(0.1333333333333333, 0.9687346638315936, 2.1160190105438232)]"
adam,12,0.9,"[(0.1333333333333333, 1.061034562117664, 2.3808987140655518)]"
adam,12,1.0,"[(0.1333333333333333, 1.1644710159078182, 2.645603895187378)]"
adam,13,0.01,"[(0.43333333333333335, 0.9625094640558948, 0.026839017868041992)]"
adam,13,0.1,"[(0.033333333333333326, 0.18500560229316362, 0.2635066509246826)]"
adam,13,0.2,"[(0.033333333333333326, 0.06821414556629939, 0.5258564949035645)]"
adam,13,0.3,"[(0.033333333333333326, 0.047432563610693826, 0.7878775596618652)]"
adam,13,0.4,"[(0.033333333333333326, 0.04258290355661037, 1.0524818897247314)]"
adam,13,0.5,"[(0.033333333333333326, 0.04089012774624219, 1.313927412033081)]"
adam,13,0.6,"[(0.033333333333333326, 0.04050067962251972, 1.576341152191162)]"
adam,13,0.7,"[(0.033333333333333326, 0.041388658100105405, 1.8388631343841553)]"
adam,13,0.8,"[(0.033333333333333326, 0.04171136838644644, 2.1009504795074463)]"
adam,13,0.9,"[(0.033333333333333326, 0.04331933085324851, 2.3631863594055176)]"
adam,13,1.0,"[(0.033333333333333326, 0.04331202363789284, 2.6256279945373535)]"
adam,14,0.01,"[(0.4, 0.9558527943109568, 0.02681899070739746)]"
adam,14,0.1,"[(0.1333333333333333, 0.2458483907710767, 0.26377105712890625)]"
adam,14,0.2,"[(0.1333333333333333, 0.2453533777618138, 0.5267021656036377)]"
adam,14,0.3,"[(0.1333333333333333, 0.32762311881472955, 0.7886250019073486)]"
adam,14,0.4,"[(0.09999999999999998, 0.41732679189335004, 1.0533490180969238)]"
adam,14,0.5,"[(0.09999999999999998, 0.5335111005763142, 1.3160698413848877)]"
adam,14,0.6,"[(0.09999999999999998, 0.6553594057591201, 1.580052375793457)]"
adam,14,0.7,"[(0.09999999999999998, 0.775232881785849, 1.8436241149902344)]"
adam,14,0.8,"[(0.09999999999999998, 0.8812022937828463, 2.1068952083587646)]"
adam,14,0.9,"[(0.09999999999999998, 0.9793290276175599, 2.3705129623413086)]"
adam,14,1.0,"[(0.09999999999999998, 1.066835436324627, 2.633720636367798)]"
adam,15,0.01,"[(0.33333333333333337, 0.9403230290464748, 0.026702880859375)]"
adam,15,0.1,"[(0.033333333333333326, 0.14477286242790302, 0.26213860511779785)]"
adam,15,0.2,"[(0.033333333333333326, 0.07393095494328691, 0.5231060981750488)]"
adam,15,0.3,"[(0.033333333333333326, 0.05764026752902881, 0.7835667133331299)]"
adam,15,0.4,"[(0.033333333333333326, 0.052228867215074276, 1.045919418334961)]"
adam,15,0.5,"[(0.033333333333333326, 0.05464682859818253, 1.3052713871002197)]"
adam,15,0.6,"[(0.033333333333333326, 0.05538816296771451, 1.566035270690918)]"
adam,15,0.7,"[(0.033333333333333326, 0.058417095794184845, 1.8266940116882324)]"
adam,15,0.8,"[(0.033333333333333326, 0.06044944539113353, 2.0869240760803223)]"
adam,15,0.9,"[(0.033333333333333326, 0.06541239881449126, 2.347210168838501)]"
adam,15,1.0,"[(0.033333333333333326, 0.06558941210717097, 2.607651472091675)]"
adam,16,0.01,"[(0.33333333333333337, 0.9441850080491896, 0.03101181983947754)]"
adam,16,0.1,"[(0.09999999999999998, 0.19543893943282256, 0.3052387237548828)]"
adam,16,0.2,"[(0.06666666666666665, 0.12097179476739782, 0.6098709106445312)]"
adam,16,0.3,"[(0.06666666666666665, 0.10911772317506628, 0.9140009880065918)]"
adam,16,0.4,"[(0.06666666666666665, 0.11590978812373819, 1.2218427658081055)]"
adam,16,0.5,"[(0.06666666666666665, 0.1315779416414233, 1.5258691310882568)]"
adam,16,0.6,"[(0.06666666666666665, 0.15294066973370207, 1.8312287330627441)]"
adam,16,0.7,"[(0.09999999999999998, 0.1833608034412342, 2.1368699073791504)]"
adam,16,0.8,"[(0.09999999999999998, 0.23924449954819219, 2.442333936691284)]"
adam,16,0.9,"[(0.09999999999999998, 0.3315128209236688, 2.747433662414551)]"
adam,16,1.0,"[(0.09999999999999998, 0.45218206020591245, 3.0330352783203125)]"
adam,17,0.01,"[(0.5333333333333333, 0.9443129394431573, 0.027091503143310547)]"
adam,17,0.1,"[(0.06666666666666665, 0.1512808416720979, 0.26680421829223633)]"
adam,17,0.2,"[(0.06666666666666665, 0.09511905380661963, 0.5328152179718018)]"
adam,17,0.3,"[(0.033333333333333326, 0.06722705063815387, 0.7981181144714355)]"
adam,17,0.4,"[(0.033333333333333326, 0.054417073952422144, 1.0660512447357178)]"
adam,17,0.5,"[(0.033333333333333326, 0.05012015385377318, 1.3299596309661865)]"
adam,17,0.6,"[(0.033333333333333326, 0.04927805037536445, 1.5951650142669678)]"
adam,17,0.7,"[(0.033333333333333326, 0.05170806019637599, 1.8600711822509766)]"
adam,17,0.8,"[(0.033333333333333326, 0.054234836762454594, 2.1261610984802246)]"
adam,17,0.9,"[(0.033333333333333326, 0.05732147434658331, 2.394227981567383)]"
adam,17,1.0,"[(0.033333333333333326, 0.05892092406305187, 2.6637048721313477)]"
adam,18,0.01,"[(0.4, 0.9544601076675376, 0.027149200439453125)]"
adam,18,0.1,"[(0.033333333333333326, 0.1460303334300422, 0.2662827968597412)]"
adam,18,0.2,"[(0.033333333333333326, 0.07615866274012777, 0.5313189029693604)]"
adam,18,0.3,"[(0.033333333333333326, 0.06324629133068284, 0.7961344718933105)]"
adam,18,0.4,"[(0.033333333333333326, 0.05967534347494893, 1.0633552074432373)]"
adam,18,0.5,"[(0.033333333333333326, 0.06069536975047842, 1.3270165920257568)]"
adam,18,0.6,"[(0.033333333333333326, 0.06464393182832341, 1.593688726425171)]"
adam,18,0.7,"[(0.033333333333333326, 0.06709983833943259, 1.860762596130371)]"
adam,18,0.8,"[(0.033333333333333326, 0.0720031312653003, 2.1290788650512695)]"
adam,18,0.9,"[(0.033333333333333326, 0.07516276899620893, 2.3968794345855713)]"
adam,18,1.0,"[(0.033333333333333326, 0.0771255462704534, 2.6648178100585938)]"
adam,19,0.01,"[(0.33333333333333337, 0.9375166205701171, 0.02730560302734375)]"
adam,19,0.1,"[(0.033333333333333326, 0.14868396240162376, 0.26795387268066406)]"
adam,19,0.2,"[(0.033333333333333326, 0.08894761456979466, 0.5344748497009277)]"
adam,19,0.3,"[(0.033333333333333326, 0.11124862395669824, 0.8024611473083496)]"
adam,19,0.4,"[(0.033333333333333326, 0.14751851754361037, 1.073777437210083)]"
adam,19,0.5,"[(0.033333333333333326, 0.18911994862015857, 1.3419513702392578)]"
adam,19,0.6,"[(0.033333333333333326, 0.23104889455242017, 1.6118361949920654)]"
adam,19,0.7,"[(0.033333333333333326, 0.2684384413571947, 1.8812155723571777)]"
adam,19,0.8,"[(0.033333333333333326, 0.3021380023128433, 2.1502039432525635)]"
adam,19,0.9,"[(0.033333333333333326, 0.33136095461879905, 2.4186627864837646)]"
adam,19,1.0,"[(0.033333333333333326, 0.3585637876454283, 2.6860082149505615)]"
adam,20,0.01,"[(0.3666666666666667, 0.9498576737397304, 0.048453330993652344)]"
adam,20,0.1,"[(0.06666666666666665, 0.18511560433713284, 0.2864079475402832)]"
adam,20,0.2,"[(0.033333333333333326, 0.11661207386790585, 0.5526840686798096)]"
adam,20,0.3,"[(0.033333333333333326, 0.13113108182664976, 0.8187329769134521)]"
adam,20,0.4,"[(0.033333333333333326, 0.16203039417661178, 1.0883052349090576)]"
adam,20,0.5,"[(0.06666666666666665, 0.19969503530659802, 1.3549339771270752)]"
adam,20,0.6,"[(0.06666666666666665, 0.24082708735193317, 1.6224803924560547)]"
adam,20,0.7,"[(0.09999999999999998, 0.2941425715978347, 1.8890419006347656)]"
adam,20,0.8,"[(0.09999999999999998, 0.35452487663001236, 2.155043125152588)]"
adam,20,0.9,"[(0.09999999999999998, 0.46043320404008153, 2.4205312728881836)]"
adam,20,1.0,"[(0.09999999999999998, 0.5341784727022072, 2.6854262351989746)]"
adam,21,0.01,"[(0.4, 0.9481442633570881, 0.04002785682678223)]"
adam,21,0.1,"[(0.033333333333333326, 0.16541958929836476, 0.27997922897338867)]"
adam,21,0.2,"[(0.033333333333333326, 0.08936673035754175, 0.5460312366485596)]"
adam,21,0.3,"[(0.033333333333333326, 0.10251891554209387, 0.8121159076690674)]"
adam,21,0.4,"[(0.033333333333333326, 0.13003176116067597, 1.0828325748443604)]"
adam,21,0.5,"[(0.033333333333333326, 0.16342699178204426, 1.3485474586486816)]"
adam,21,0.6,"[(0.033333333333333326, 0.20094294988798217, 1.615563154220581)]"
adam,21,0.7,"[(0.033333333333333326, 0.24515740891469487, 1.8812017440795898)]"
adam,21,0.8,"[(0.033333333333333326, 0.28806713403586787, 2.1465871334075928)]"
adam,21,0.9,"[(0.033333333333333326, 0.32858921655861856, 2.412415027618408)]"
adam,21,1.0,"[(0.033333333333333326, 0.36528495402307115, 2.6780591011047363)]"
adam,22,0.01,"[(0.4, 0.9586699673515847, 0.05042886734008789)]"
adam,22,0.1,"[(0.06666666666666665, 0.19613961214956088, 0.290449857711792)]"
adam,22,0.2,"[(0.06666666666666665, 0.16223967130522524, 0.5568220615386963)]"
adam,22,0.3,"[(0.06666666666666665, 0.2101831124714956, 0.8228120803833008)]"
adam,22,0.4,"[(0.06666666666666665, 0.26123107523913836, 1.0915396213531494)]"
adam,22,0.5,"[(0.06666666666666665, 0.31632853642292796, 1.3578932285308838)]"
adam,22,0.6,"[(0.06666666666666665, 0.37507211126603407, 1.6251139640808105)]"
adam,22,0.7,"[(0.06666666666666665, 0.44253171686643095, 1.8916304111480713)]"
adam,22,0.8,"[(0.06666666666666665, 0.5080271495751997, 2.158534288406372)]"
adam,22,0.9,"[(0.06666666666666665, 0.56867088536511, 2.4253928661346436)]"
adam,22,1.0,"[(0.06666666666666665, 0.6280662692866532, 2.692338466644287)]"
adam,23,0.01,"[(0.3666666666666667, 0.9448860740106204, 0.039325714111328125)]"
adam,23,0.1,"[(0.06666666666666665, 0.16464479500097254, 0.2788963317871094)]"
adam,23,0.2,"[(0.06666666666666665, 0.1256001359676441, 0.544438362121582)]"
adam,23,0.3,"[(0.06666666666666665, 0.161801906355321, 0.8096599578857422)]"
adam,23,0.4,"[(0.06666666666666665, 0.21369198293582314, 1.0778989791870117)]"
adam,23,0.5,"[(0.06666666666666665, 0.26997771071131343, 1.341900110244751)]"
adam,23,0.6,"[(0.06666666666666665, 0.32690744953976647, 1.607123851776123)]"
adam,23,0.7,"[(0.06666666666666665, 0.382393199206618, 1.872419834136963)]"
adam,23,0.8,"[(0.06666666666666665, 0.43573946064240526, 2.1376585960388184)]"
adam,23,0.9,"[(0.06666666666666665, 0.4871972526480901, 2.402608633041382)]"
adam,23,1.0,"[(0.06666666666666665, 0.536625487647253, 2.668086528778076)]"
adam,24,0.01,"[(0.6333333333333333, 0.9727749207296762, 0.0285489559173584)]"
adam,24,0.1,"[(0.033333333333333326, 0.17358315167076457, 0.2657926082611084)]"
adam,24,0.2,"[(0.0, 0.06856509257069572, 0.529064416885376)]"
adam,24,0.3,"[(0.0, 0.03860045012594977, 0.7920544147491455)]"
adam,24,0.4,"[(0.0, 0.024290142051535412, 1.0579924583435059)]"
adam,24,0.5,"[(0.0, 0.01784784068162962, 1.3208022117614746)]"
adam,24,0.6,"[(0.0, 0.015019741741038865, 1.5848286151885986)]"
adam,24,0.7,"[(0.0, 0.013563485486630118, 1.8484325408935547)]"
adam,24,0.8,"[(0.0, 0.01278361722058533, 2.1118247509002686)]"
adam,24,0.9,"[(0.0, 0.012810711285901536, 2.37510347366333)]"
adam,24,1.0,"[(0.0, 0.01254836075631558, 2.6383984088897705)]"
adam,25,0.01,"[(0.4666666666666667, 0.9789289382599177, 0.027032136917114258)]"
adam,25,0.1,"[(0.06666666666666665, 0.2140399336405868, 0.2649068832397461)]"
adam,25,0.2,"[(0.033333333333333326, 0.08513996143397293, 0.5284337997436523)]"
adam,25,0.3,"[(0.033333333333333326, 0.05978578141510535, 0.7920346260070801)]"
adam,25,0.4,"[(0.033333333333333326, 0.05234082470499599, 1.057387351989746)]"
adam,25,0.5,"[(0.033333333333333326, 0.05169244675326971, 1.3192498683929443)]"
adam,25,0.6,"[(0.033333333333333326, 0.05307485711621818, 1.5825493335723877)]"
adam,25,0.7,"[(0.033333333333333326, 0.0561743333577202, 1.845768928527832)]"
adam,25,0.8,"[(0.033333333333333326, 0.05803187041247144, 2.1091604232788086)]"
adam,25,0.9,"[(0.033333333333333326, 0.05966179197236152, 2.3721578121185303)]"
adam,25,1.0,"[(0.033333333333333326, 0.0611557802446291, 2.6355173587799072)]"
adam,26,0.01,"[(0.4, 0.9572465123774755, 0.027085065841674805)]"
adam,26,0.1,"[(0.033333333333333326, 0.1542017925540346, 0.2641613483428955)]"
adam,26,0.2,"[(0.033333333333333326, 0.08810545367926077, 0.5273830890655518)]"
adam,26,0.3,"[(0.033333333333333326, 0.103024052487376, 0.7905824184417725)]"
adam,26,0.4,"[(0.033333333333333326, 0.13333722235577422, 1.0556178092956543)]"
adam,26,0.5,"[(0.033333333333333326, 0.16432071870162737, 1.3192434310913086)]"
adam,26,0.6,"[(0.033333333333333326, 0.20343323524383977, 1.5838003158569336)]"
adam,26,0.7,"[(0.033333333333333326, 0.2477818966406847, 1.8485112190246582)]"
adam,26,0.8,"[(0.033333333333333326, 0.29265704277858695, 2.1129262447357178)]"
adam,26,0.9,"[(0.033333333333333326, 0.33212045207504165, 2.3769774436950684)]"
adam,26,1.0,"[(0.033333333333333326, 0.36901092952995657, 2.641692876815796)]"
adam,27,0.01,"[(0.5333333333333333, 1.0049927310691837, 0.026858091354370117)]"
adam,27,0.1,"[(0.033333333333333326, 0.16161347058668757, 0.26355719566345215)]"
adam,27,0.2,"[(0.0, 0.04693690490533065, 0.526470422744751)]"
adam,27,0.3,"[(0.0, 0.02729437456687046, 0.7894363403320312)]"
adam,27,0.4,"[(0.0, 0.02053404360764202, 1.0541126728057861)]"
adam,27,0.5,"[(0.0, 0.019955561302754853, 1.317352294921875)]"
adam,27,0.6,"[(0.0, 0.018573852782409125, 1.5816290378570557)]"
adam,27,0.7,"[(0.0, 0.019158878857221506, 1.845740795135498)]"
adam,27,0.8,"[(0.0, 0.01904039450174983, 2.1096560955047607)]"
adam,27,0.9,"[(0.0, 0.019101870040843, 2.37382173538208)]"
adam,27,1.0,"[(0.0, 0.01912973231014143, 2.6373836994171143)]"
adam,28,0.01,"[(0.4666666666666667, 0.9649514284214672, 0.02707052230834961)]"
adam,28,0.1,"[(0.09999999999999998, 0.21665120368286128, 0.26463913917541504)]"
adam,28,0.2,"[(0.09999999999999998, 0.14548819068401764, 0.5284633636474609)]"
adam,28,0.3,"[(0.06666666666666665, 0.1601726994994143, 0.7928247451782227)]"
adam,28,0.4,"[(0.06666666666666665, 0.1980802452228054, 1.0586659908294678)]"
adam,28,0.5,"[(0.06666666666666665, 0.24526119035463456, 1.3225433826446533)]"
adam,28,0.6,"[(0.06666666666666665, 0.295722648419887, 1.5874922275543213)]"
adam,28,0.7,"[(0.06666666666666665, 0.34658344543834596, 1.8530879020690918)]"
adam,28,0.8,"[(0.06666666666666665, 0.3957599987756861, 2.1177759170532227)]"
adam,28,0.9,"[(0.06666666666666665, 0.4435864847283232, 2.382573366165161)]"
adam,28,1.0,"[(0.06666666666666665, 0.49022714959870634, 2.647646188735962)]"
adam,29,0.01,"[(0.43333333333333335, 0.9650085278670272, 0.02678513526916504)]"
adam,29,0.1,"[(0.033333333333333326, 0.16859613504089274, 0.2626533508300781)]"
adam,29,0.2,"[(0.0, 0.058410446204945746, 0.5247008800506592)]"
adam,29,0.3,"[(0.0, 0.034200794257780893, 0.7868292331695557)]"
adam,29,0.4,"[(0.0, 0.025157052526371914, 1.0549845695495605)]"
adam,29,0.5,"[(0.0, 0.021222461770130905, 1.3176836967468262)]"
adam,29,0.6,"[(0.0, 0.02028163858130195, 1.5814363956451416)]"
adam,29,0.7,"[(0.0, 0.01999536657385558, 1.8452653884887695)]"
adam,29,0.8,"[(0.0, 0.019927130785157787, 2.108867645263672)]"
adam,29,0.9,"[(0.0, 0.02041078716810419, 2.3721985816955566)]"
adam,29,1.0,"[(0.0, 0.02008894955279483, 2.6355831623077393)]"
adam,30,0.01,"[(0.4, 1.01217714501139, 0.02670598030090332)]"
adam,30,0.1,"[(0.033333333333333326, 0.12046655828984658, 0.2642359733581543)]"
adam,30,0.2,"[(0.0, 0.0420663400579717, 0.5278184413909912)]"
adam,30,0.3,"[(0.0, 0.019007140752488008, 0.7916507720947266)]"
adam,30,0.4,"[(0.0, 0.010346238117564367, 1.0565953254699707)]"
adam,30,0.5,"[(0.0, 0.006827582925695698, 1.324124813079834)]"
adam,30,0.6,"[(0.0, 0.005246442566096787, 1.5883207321166992)]"
adam,30,0.7,"[(0.0, 0.006549833912063646, 1.8523993492126465)]"
adam,30,0.8,"[(0.0, 0.020242375030941895, 2.1163766384124756)]"
adam,30,0.9,"[(0.033333333333333326, 0.0581493542652166, 2.380415916442871)]"
adam,30,1.0,"[(0.033333333333333326, 0.086671225177434, 2.6448864936828613)]"
adam,31,0.01,"[(0.33333333333333337, 0.9377065273819372, 0.026703834533691406)]"
adam,31,0.1,"[(0.033333333333333326, 0.13433871913588688, 0.2631986141204834)]"
adam,31,0.2,"[(0.033333333333333326, 0.08388908972554364, 0.5260188579559326)]"
adam,31,0.3,"[(0.033333333333333326, 0.10330446893418394, 0.7890503406524658)]"
adam,31,0.4,"[(0.033333333333333326, 0.13615908844499858, 1.0531725883483887)]"
adam,31,0.5,"[(0.033333333333333326, 0.1735073943990504, 1.316307783126831)]"
adam,31,0.6,"[(0.033333333333333326, 0.2226108734655336, 1.5807313919067383)]"
adam,31,0.7,"[(0.06666666666666665, 0.2913463902128048, 1.845313310623169)]"
adam,31,0.8,"[(0.06666666666666665, 0.3861987226590167, 2.1098625659942627)]"
adam,31,0.9,"[(0.06666666666666665, 0.4778859489295556, 2.374128818511963)]"
adam,31,1.0,"[(0.06666666666666665, 0.5506171639592056, 2.6386818885803223)]"
adam,32,0.01,"[(0.4, 0.9540760136118857, 0.026926279067993164)]"
adam,32,0.1,"[(0.0, 0.11589320743761894, 0.2649221420288086)]"
adam,32,0.2,"[(0.0, 0.02605611027832211, 0.5295064449310303)]"
adam,32,0.3,"[(0.0, 0.010291979758594604, 0.7940471172332764)]"
adam,32,0.4,"[(0.0, 0.005318616415413497, 1.0598831176757812)]"
adam,32,0.5,"[(0.0, 0.0033616578735357625, 1.324305534362793)]"
adam,32,0.6,"[(0.0, 0.0025278200337878884, 1.5895919799804688)]"
adam,32,0.7,"[(0.0, 0.0022155947952849043, 1.855116844177246)]"
adam,32,0.8,"[(0.0, 0.0020670272660157376, 2.1203880310058594)]"
adam,32,0.9,"[(0.0, 0.0020166133219915515, 2.3857719898223877)]"
adam,32,1.0,"[(0.0, 0.0019988403466128534, 2.651167154312134)]"
adam,33,0.01,"[(0.4666666666666667, 0.9801735952149085, 0.027039766311645508)]"
adam,33,0.1,"[(0.09999999999999998, 0.2173238276371217, 0.2662239074707031)]"
adam,33,0.2,"[(0.033333333333333326, 0.08690846363801936, 0.5321803092956543)]"
adam,33,0.3,"[(0.033333333333333326, 0.059772501421926055, 0.7974438667297363)]"
adam,33,0.4,"[(0.0, 0.04641244512949454, 1.0649778842926025)]"
adam,33,0.5,"[(0.0, 0.03865799139490302, 1.3303451538085938)]"
adam,33,0.6,"[(0.0, 0.034241236783182985, 1.596813678741455)]"
adam,33,0.7,"[(0.0, 0.03139421072078703, 1.8631863594055176)]"
adam,33,0.8,"[(0.0, 0.029949669695295708, 2.129572629928589)]"
adam,33,0.9,"[(0.0, 0.029894245264767978, 2.3960013389587402)]"
adam,33,1.0,"[(0.0, 0.03120145789961832, 2.6624574661254883)]"
adam,34,0.01,"[(0.43333333333333335, 0.9549311561976924, 0.02696084976196289)]"
adam,34,0.1,"[(0.0, 0.13330881888524657, 0.2651326656341553)]"
adam,34,0.2,"[(0.0, 0.026568092538783995, 0.5297496318817139)]"
adam,34,0.3,"[(0.0, 0.01075945181974946, 0.794661283493042)]"
adam,34,0.4,"[(0.0, 0.005889399306277633, 1.0612614154815674)]"
adam,34,0.5,"[(0.0, 0.004105975563013853, 1.3260669708251953)]"
adam,34,0.6,"[(0.0, 0.003799204328133797, 1.6017084121704102)]"
adam,34,0.7,"[(0.0, 0.0060496013819989055, 1.8676178455352783)]"
adam,34,0.8,"[(0.0, 0.020626452646374062, 2.1335225105285645)]"
adam,34,0.9,"[(0.033333333333333326, 0.06818082085684733, 2.399472951889038)]"
adam,34,1.0,"[(0.033333333333333326, 0.13051517198341767, 2.665675163269043)]"
adam,35,0.01,"[(0.6, 0.9538972491747035, 0.02701568603515625)]"
adam,35,0.1,"[(0.0, 0.140844617617857, 0.265674352645874)]"
adam,35,0.2,"[(0.0, 0.035108260393051545, 0.5306558609008789)]"
adam,35,0.3,"[(0.0, 0.01793066227168841, 0.7952244281768799)]"
adam,35,0.4,"[(0.0, 0.01243515713433908, 1.0610787868499756)]"
adam,35,0.5,"[(0.0, 0.00957141066272005, 1.3260080814361572)]"
adam,35,0.6,"[(0.0, 0.008457567227889989, 1.591630458831787)]"
adam,35,0.7,"[(0.0, 0.007456901406893756, 1.857783555984497)]"
adam,35,0.8,"[(0.0, 0.007952809329511408, 2.1230576038360596)]"
adam,35,0.9,"[(0.0, 0.007297442936540556, 2.3887810707092285)]"
adam,35,1.0,"[(0.0, 0.007133910261152582, 2.6546170711517334)]"
adam,36,0.01,"[(0.3666666666666667, 0.949662413102083, 0.02712559700012207)]"
adam,36,0.1,"[(0.06666666666666665, 0.17944150504133413, 0.2653920650482178)]"
adam,36,0.2,"[(0.033333333333333326, 0.08569724015624981, 0.5301864147186279)]"
adam,36,0.3,"[(0.0, 0.05824216942516939, 0.7941677570343018)]"
adam,36,0.4,"[(0.0, 0.048161278699487255, 1.060232162475586)]"
adam,36,0.5,"[(0.0, 0.042453825828045154, 1.3244965076446533)]"
adam,36,0.6,"[(0.0, 0.04446627630845493, 1.5902385711669922)]"
adam,36,0.7,"[(0.0, 0.05009709442560195, 1.8558690547943115)]"
adam,36,0.8,"[(0.033333333333333326, 0.08150916961532481, 2.1216840744018555)]"
adam,36,0.9,"[(0.06666666666666665, 0.16558761847478817, 2.3871636390686035)]"
adam,36,1.0,"[(0.09999999999999998, 0.2492126739552613, 2.652451276779175)]"
adam,37,0.01,"[(0.3666666666666667, 0.9534236880256274, 0.027182579040527344)]"
adam,37,0.1,"[(0.06666666666666665, 0.20332337579546786, 0.26658010482788086)]"
adam,37,0.2,"[(0.09999999999999998, 0.20176318972285767, 0.5314700603485107)]"
adam,37,0.3,"[(0.09999999999999998, 0.27663865310580144, 0.7969610691070557)]"
adam,37,0.4,"[(0.09999999999999998, 0.3898234983870503, 1.0639886856079102)]"
adam,37,0.5,"[(0.09999999999999998, 0.5209282112319724, 1.3285529613494873)]"
adam,37,0.6,"[(0.09999999999999998, 0.656093325159142, 1.5942540168762207)]"
adam,37,0.7,"[(0.09999999999999998, 0.7810100685489382, 1.8598721027374268)]"
adam,37,0.8,"[(0.09999999999999998, 0.8974963428963029, 2.1254100799560547)]"
adam,37,0.9,"[(0.09999999999999998, 0.9998016188437798, 2.390773057937622)]"
adam,37,1.0,"[(0.09999999999999998, 1.0918566639023914, 2.6563267707824707)]"
adam,38,0.01,"[(0.5, 0.9959821204820476, 0.05318427085876465)]"
adam,38,0.1,"[(0.06666666666666665, 0.20667841312019605, 0.3540232181549072)]"
adam,38,0.2,"[(0.06666666666666665, 0.12203817727026077, 0.6199660301208496)]"
adam,38,0.3,"[(0.06666666666666665, 0.10370340488344296, 0.8859329223632812)]"
adam,38,0.4,"[(0.06666666666666665, 0.10392852629276027, 1.1530563831329346)]"
adam,38,0.5,"[(0.06666666666666665, 0.110832301592454, 1.4188952445983887)]"
adam,38,0.6,"[(0.06666666666666665, 0.11728895329703756, 1.6851747035980225)]"
adam,38,0.7,"[(0.06666666666666665, 0.12158618242220817, 1.9518373012542725)]"
adam,38,0.8,"[(0.06666666666666665, 0.1258320776175707, 2.2175064086914062)]"
adam,38,0.9,"[(0.06666666666666665, 0.1289614396305175, 2.4838945865631104)]"
adam,38,1.0,"[(0.06666666666666665, 0.13210232767870658, 2.750408172607422)]"
adam,39,0.01,"[(0.33333333333333337, 0.9371938428472001, 0.05304837226867676)]"
adam,39,0.1,"[(0.033333333333333326, 0.14315364509232445, 0.33134913444519043)]"
adam,39,0.2,"[(0.033333333333333326, 0.07506815969312014, 0.5965249538421631)]"
adam,39,0.3,"[(0.033333333333333326, 0.05763967448386219, 0.860527515411377)]"
adam,39,0.4,"[(0.033333333333333326, 0.05390578673258654, 1.1279733180999756)]"
adam,39,0.5,"[(0.033333333333333326, 0.05309413264709973, 1.3918285369873047)]"
adam,39,0.6,"[(0.033333333333333326, 0.05587808783810277, 1.6574687957763672)]"
adam,39,0.7,"[(0.033333333333333326, 0.056265226191193826, 1.9225165843963623)]"
adam,39,0.8,"[(0.033333333333333326, 0.06160521444114435, 2.1878461837768555)]"
adam,39,0.9,"[(0.033333333333333326, 0.06032659047052891, 2.452610969543457)]"
adam,39,1.0,"[(0.033333333333333326, 0.06357707782172957, 2.717696189880371)]"
adam,40,0.01,"[(0.4666666666666667, 0.9260540232649743, 0.027367115020751953)]"
adam,40,0.1,"[(0.033333333333333326, 0.14561161616466436, 0.2665550708770752)]"
adam,40,0.2,"[(0.033333333333333326, 0.08333919820516712, 0.5319445133209229)]"
adam,40,0.3,"[(0.033333333333333326, 0.1037846497318479, 0.7969474792480469)]"
adam,40,0.4,"[(0.033333333333333326, 0.13878957781955423, 1.0634760856628418)]"
adam,40,0.5,"[(0.033333333333333326, 0.1769520894553719, 1.3277463912963867)]"
adam,40,0.6,"[(0.033333333333333326, 0.22005180021670567, 1.5934019088745117)]"
adam,40,0.7,"[(0.033333333333333326, 0.2623508969956865, 1.8595292568206787)]"
adam,40,0.8,"[(0.033333333333333326, 0.30010903100010855, 2.125765323638916)]"
adam,40,0.9,"[(0.033333333333333326, 0.33476720819619543, 2.3913426399230957)]"
adam,40,1.0,"[(0.033333333333333326, 0.365741827649427, 2.6570827960968018)]"
adam,41,0.01,"[(0.4666666666666667, 0.9844393998242038, 0.08640408515930176)]"
adam,41,0.1,"[(0.033333333333333326, 0.19996503659208414, 0.3238227367401123)]"
adam,41,0.2,"[(0.033333333333333326, 0.07080251808836945, 0.5876631736755371)]"
adam,41,0.3,"[(0.033333333333333326, 0.04967831465738879, 0.8513908386230469)]"
adam,41,0.4,"[(0.033333333333333326, 0.047389334042503416, 1.118032455444336)]"
adam,41,0.5,"[(0.033333333333333326, 0.04975475793249556, 1.381129503250122)]"
adam,41,0.6,"[(0.033333333333333326, 0.05033838832686061, 1.6457903385162354)]"
adam,41,0.7,"[(0.033333333333333326, 0.0537109475067351, 1.9104256629943848)]"
adam,41,0.8,"[(0.033333333333333326, 0.055116558702297376, 2.1745870113372803)]"
adam,41,0.9,"[(0.033333333333333326, 0.05875403596224406, 2.4386088848114014)]"
adam,41,1.0,"[(0.033333333333333326, 0.06565847452273546, 2.702542304992676)]"
adam,42,0.01,"[(0.3666666666666667, 0.9429715076336229, 0.07564473152160645)]"
adam,42,0.1,"[(0.033333333333333326, 0.13631618735760975, 0.3129234313964844)]"
adam,42,0.2,"[(0.0, 0.049060226859194284, 0.5763075351715088)]"
adam,42,0.3,"[(0.0, 0.023521791750608246, 0.8395519256591797)]"
adam,42,0.4,"[(0.0, 0.013206936231390964, 1.1058483123779297)]"
adam,42,0.5,"[(0.0, 0.009066208368111674, 1.3697412014007568)]"
adam,42,0.6,"[(0.0, 0.007014112966694053, 1.63478684425354)]"
adam,42,0.7,"[(0.0, 0.006006686991652443, 1.8991155624389648)]"
adam,42,0.8,"[(0.0, 0.005422474087272826, 2.1639904975891113)]"
adam,42,0.9,"[(0.0, 0.004980074268965683, 2.4291043281555176)]"
adam,42,1.0,"[(0.0, 0.00468236084072475, 2.6937766075134277)]"
adam,43,0.01,"[(0.4666666666666667, 0.9680121630283056, 0.07295012474060059)]"
adam,43,0.1,"[(0.09999999999999998, 0.23647661672682305, 0.31008386611938477)]"
adam,43,0.2,"[(0.09999999999999998, 0.16050069148863047, 0.5731837749481201)]"
adam,43,0.3,"[(0.06666666666666665, 0.13501218866919543, 0.8356833457946777)]"
adam,43,0.4,"[(0.06666666666666665, 0.12887181228335695, 1.1010687351226807)]"
adam,43,0.5,"[(0.033333333333333326, 0.13833481155841126, 1.3637323379516602)]"
adam,43,0.6,"[(0.033333333333333326, 0.15406941304477056, 1.627246618270874)]"
adam,43,0.7,"[(0.033333333333333326, 0.1707756171686182, 1.890653133392334)]"
adam,43,0.8,"[(0.033333333333333326, 0.18634740704560698, 2.153841018676758)]"
adam,43,0.9,"[(0.033333333333333326, 0.20180837472721694, 2.4172563552856445)]"
adam,43,1.0,"[(0.033333333333333326, 0.22038278414424417, 2.680605173110962)]"
adam,44,0.01,"[(0.4, 0.9500828340309669, 0.07542967796325684)]"
adam,44,0.1,"[(0.033333333333333326, 0.14386065998864117, 0.3126204013824463)]"
adam,44,0.2,"[(0.033333333333333326, 0.08222263516287157, 0.5760040283203125)]"
adam,44,0.3,"[(0.033333333333333326, 0.09493083446303278, 0.8393287658691406)]"
adam,44,0.4,"[(0.033333333333333326, 0.12113220521368188, 1.1052000522613525)]"
adam,44,0.5,"[(0.033333333333333326, 0.1485069611636254, 1.3680307865142822)]"
adam,44,0.6,"[(0.033333333333333326, 0.17385993782761355, 1.6319420337677002)]"
adam,44,0.7,"[(0.033333333333333326, 0.1982557194055127, 1.895174503326416)]"
adam,44,0.8,"[(0.033333333333333326, 0.22295420818964878, 2.158616781234741)]"
adam,44,0.9,"[(0.033333333333333326, 0.2433210514450487, 2.421590805053711)]"
adam,44,1.0,"[(0.033333333333333326, 0.2683180133071876, 2.685044765472412)]"
adam,45,0.01,"[(0.3666666666666667, 0.9514539094923417, 0.06598663330078125)]"
adam,45,0.1,"[(0.0, 0.14812964019608163, 0.3036937713623047)]"
adam,45,0.2,"[(0.0, 0.04909866908084092, 0.5672492980957031)]"
adam,45,0.3,"[(0.0, 0.027009012296154048, 0.8311328887939453)]"
adam,45,0.4,"[(0.0, 0.02082837012919522, 1.0978281497955322)]"
adam,45,0.5,"[(0.0, 0.021737628495751893, 1.3616557121276855)]"
adam,45,0.6,"[(0.0, 0.02384055070348602, 1.6266343593597412)]"
adam,45,0.7,"[(0.033333333333333326, 0.02821585868161684, 1.8917090892791748)]"
adam,45,0.8,"[(0.033333333333333326, 0.03367616506440489, 2.1564815044403076)]"
adam,45,0.9,"[(0.033333333333333326, 0.04220306609024352, 2.4211652278900146)]"
adam,45,1.0,"[(0.033333333333333326, 0.04941347620320797, 2.6862854957580566)]"
adam,46,0.01,"[(0.3666666666666667, 0.9459567831067309, 0.05084848403930664)]"
adam,46,0.1,"[(0.0, 0.12555853766807604, 0.3603839874267578)]"
adam,46,0.2,"[(0.0, 0.030509943398489312, 0.6227569580078125)]"
adam,46,0.3,"[(0.0, 0.014940199353064263, 0.8854060173034668)]"
adam,46,0.4,"[(0.0, 0.009708344200960234, 1.1493654251098633)]"
adam,46,0.5,"[(0.0, 0.007510164493714743, 1.4113216400146484)]"
adam,46,0.6,"[(0.0, 0.007445144537554489, 1.674877405166626)]"
adam,46,0.7,"[(0.0, 0.007084784832282678, 1.9380457401275635)]"
adam,46,0.8,"[(0.0, 0.006652316763370004, 2.201063632965088)]"
adam,46,0.9,"[(0.0, 0.007230729210018951, 2.464271306991577)]"
adam,46,1.0,"[(0.0, 0.006869836432722311, 2.7273824214935303)]"
adam,47,0.01,"[(0.43333333333333335, 0.9526493654374402, 0.052793264389038086)]"
adam,47,0.1,"[(0.09999999999999998, 0.1956082659332033, 0.34920620918273926)]"
adam,47,0.2,"[(0.06666666666666665, 0.14425717720394415, 0.6115598678588867)]"
adam,47,0.3,"[(0.06666666666666665, 0.17078696085449777, 0.8734550476074219)]"
adam,47,0.4,"[(0.06666666666666665, 0.21310318248512997, 1.1387734413146973)]"
adam,47,0.5,"[(0.06666666666666665, 0.2589841478780664, 1.3998091220855713)]"
adam,47,0.6,"[(0.06666666666666665, 0.30348359518428114, 1.6628494262695312)]"
adam,47,0.7,"[(0.06666666666666665, 0.34878075874440395, 1.9247100353240967)]"
adam,47,0.8,"[(0.06666666666666665, 0.3926692468019498, 2.1875839233398438)]"
adam,47,0.9,"[(0.06666666666666665, 0.4399390386767538, 2.449566125869751)]"
adam,47,1.0,"[(0.06666666666666665, 0.4880248819033943, 2.7118799686431885)]"
adam,48,0.01,"[(0.33333333333333337, 0.9994408702214461, 0.026587724685668945)]"
adam,48,0.1,"[(0.0, 0.12303299634328754, 0.26224517822265625)]"
adam,48,0.2,"[(0.0, 0.03815686883406196, 0.5269923210144043)]"
adam,48,0.3,"[(0.0, 0.020965346703342425, 0.7894997596740723)]"
adam,48,0.4,"[(0.0, 0.01574606771921378, 1.051774263381958)]"
adam,48,0.5,"[(0.0, 0.0156751069529609, 1.3138434886932373)]"
adam,48,0.6,"[(0.0, 0.01769648239085142, 1.5768749713897705)]"
adam,48,0.7,"[(0.0, 0.02104495033411281, 1.839954137802124)]"
adam,48,0.8,"[(0.033333333333333326, 0.026231711927747474, 2.103140354156494)]"
adam,48,0.9,"[(0.033333333333333326, 0.030703537165076275, 2.3664486408233643)]"
adam,48,1.0,"[(0.033333333333333326, 0.036918942509786196, 2.6293559074401855)]"
adam,49,0.01,"[(0.43333333333333335, 1.0222320293079816, 0.02651500701904297)]"
adam,49,0.1,"[(0.0, 0.12529915746144937, 0.26227378845214844)]"
adam,49,0.2,"[(0.0, 0.030807239358754714, 0.5261998176574707)]"
adam,49,0.3,"[(0.0, 0.012871871463708297, 0.7882685661315918)]"
adam,49,0.4,"[(0.0, 0.00695806193958522, 1.0501055717468262)]"
adam,49,0.5,"[(0.0, 0.004656615277390451, 1.3120687007904053)]"
adam,49,0.6,"[(0.0, 0.004617847612090286, 1.5749201774597168)]"
adam,49,0.7,"[(0.0, 0.02592522188156237, 1.8379638195037842)]"
adam,49,0.8,"[(0.033333333333333326, 0.14719191119401057, 2.10089111328125)]"
adam,49,0.9,"[(0.033333333333333326, 0.2591942174421206, 2.363645553588867)]"
adam,49,1.0,"[(0.033333333333333326, 0.3252990057759828, 2.626394748687744)]"
adam,50,0.01,"[(0.30000000000000004, 1.011257790882664, 0.0265505313873291)]"
adam,50,0.1,"[(0.033333333333333326, 0.1491625218770725, 0.2618222236633301)]"
adam,50,0.2,"[(0.033333333333333326, 0.10251314344405772, 0.526125431060791)]"
adam,50,0.3,"[(0.033333333333333326, 0.11772553475420947, 0.8283712863922119)]"
adam,50,0.4,"[(0.033333333333333326, 0.14562676872166314, 1.1305558681488037)]"
adam,50,0.5,"[(0.033333333333333326, 0.17919718219047426, 1.4326553344726562)]"
adam,50,0.6,"[(0.033333333333333326, 0.2137067410605667, 1.7359333038330078)]"
adam,50,0.7,"[(0.033333333333333326, 0.25166384421275845, 2.039828062057495)]"
adam,50,0.8,"[(0.033333333333333326, 0.2874473501184289, 2.3430593013763428)]"
adam,50,0.9,"[(0.033333333333333326, 0.3195219467025324, 2.634722948074341)]"
adam,50,1.0,"[(0.033333333333333326, 0.34855298245651795, 2.8983750343322754)]"
